user_id,rating
16997,5
45025,5
53022,4
2295,5
46882,5
48600,4
44779,4
13355,3
20818,5
12090,4
29553,4
42218,4
24429,5
3687,4
14679,5
4584,5
39660,5
25521,5
41313,4
40704,4
21638,5
48807,4
661,4
26764,4
38696,3
31683,4
40765,5
46819,4
48420,5
6308,5
51829,5
39178,5
12708,3
29823,4
1993,3
19348,3
44410,4
50250,5
13674,4
21667,3
34363,5
14265,4
46664,4
43,3
9938,4
17292,5
18490,2
38083,4
37968,5
15590,3
47726,5
43110,5
19781,5
4226,4
18415,5
1431,4
22132,5
25475,5
7424,4
42536,5
17539,4
4619,4
39949,5
20575,4
42765,4
20446,4
9301,5
7242,5
968,3
1395,4
9488,5
18884,5
7936,4
43260,5
25184,4
45799,4
8977,5
10026,5
15031,4
21115,5
14889,2
18305,4
31317,5
3099,5
51153,5
1493,4
11757,4
4086,5
4553,4
25371,5
50891,5
45928,5
28831,3
36594,4
47373,5
47661,4
49735,4
17436,5
46119,5
19188,5
12180,5
3026,5
51078,3
18013,3
30949,5
40088,4
1186,5
37444,5
28911,5
40420,5
44375,3
1723,3
35970,4
37216,3
849,4
51376,5
45095,5
29461,5
9217,5
7803,5
33069,4
30625,4
17804,5
37611,5
51344,5
8720,4
19368,5
23187,5
47532,4
14753,5
28278,5
47637,3
7011,5
15976,4
20519,4
25876,5
39651,5
46880,5
42618,2
31187,5
44381,4
12446,5
49093,5
16858,5
38321,4
10506,5
35114,3
38795,5
1618,4
24163,5
26294,5
36823,3
51702,5
13735,1
5230,5
38276,4
14430,3
15615,3
45236,4
16755,4
49918,2
1073,4
34739,4
24583,3
43065,2
32959,5
37857,2
25003,4
39931,2
33751,3
34833,4
45859,4
36827,5
44960,1
28050,4
3637,5
49964,4
5322,5
45918,5
39505,5
4349,4
6844,4
7681,4
39509,4
28439,4
17000,4
26321,3
33137,4
43377,5
31682,4
37823,5
26224,2
39101,3
34063,3
29445,4
33186,5
11308,4
4557,4
43308,3
3023,5
28515,3
26867,4
48882,4
25147,3
42211,5
49097,4
5238,5
6693,5
45497,2
38635,3
32968,5
7841,3
24777,3
25441,5
32218,3
47500,4
46404,4
52194,3
8277,5
6490,4
24459,5
45185,4
10968,5
9566,5
18872,5
14810,4
42650,4
32951,5
15185,4
13552,4
48752,5
52454,5
11596,4
49859,5
19884,4
12661,3
23971,4
13562,5
6767,5
2829,3
11301,3
24614,5
31131,4
12669,3
19685,5
16175,4
2951,5
42380,5
38593,5
93,5
30263,5
41151,3
39994,4
22122,2
49687,5
32665,5
24110,3
23594,5
13954,4
30681,4
40294,5
16191,5
50218,5
35178,4
49996,5
7380,4
11752,5
10628,5
49645,3
37622,5
37479,5
6528,4
7835,4
30204,4
10849,5
45132,5
25136,5
49256,4
46440,4
37351,3
34495,5
40968,4
4880,5
31337,5
40718,5
22499,5
5787,5
18615,2
32293,3
12334,4
8625,4
27030,5
45947,5
50243,5
37374,5
39167,5
13592,3
11550,5
35581,5
2103,3
32749,5
20003,5
50878,5
1492,5
4906,4
17460,5
32073,5
9290,5
27662,3
36821,5
52259,4
10583,5
14772,5
6389,4
37831,4
52176,5
3927,5
46186,4
8187,4
21745,5
32876,5
13961,4
17365,3
42964,5
18762,5
43755,4
5764,3
31962,5
27179,5
48306,5
26070,5
11585,3
11751,4
19254,5
48527,3
11742,5
11493,4
17039,3
9485,5
41931,5
23868,4
32344,5
27621,4
25514,5
1453,4
50726,4
26213,5
37530,5
17708,4
33378,5
35680,4
26867,4
1235,5
24261,3
51011,5
3489,4
2633,3
248,5
46992,5
5571,4
52793,2
10497,5
39353,5
39497,3
13937,5
28017,2
11010,5
7728,5
48479,5
26948,5
20712,5
3602,5
41959,4
17674,4
44369,5
47973,5
22509,5
22981,5
27688,5
23619,5
9330,5
7326,3
40867,5
49975,5
3251,4
41405,3
13405,4
13096,4
36011,3
9685,3
23791,4
19361,5
39175,5
32257,5
31734,4
35315,2
10657,5
22972,5
39309,5
14786,5
9949,5
36271,5
17502,4
5133,5
47627,5
44171,5
52778,5
13091,5
47463,4
38546,5
2626,4
28415,4
20919,5
39331,5
18130,5
38336,4
9119,5
45757,5
15935,5
52557,5
10354,5
36002,3
3892,5
20080,3
14834,4
24073,5
47107,5
30358,4
12469,5
34148,4
48336,5
7485,4
296,3
24101,4
52380,5
29631,5
11077,4
38017,5
2423,5
17748,4
861,3
12884,5
39678,4
41513,5
46071,5
34208,5
27438,5
42790,1
16252,4
27693,1
22554,1
40562,1
9108,5
38551,4
7448,4
4760,1
23921,3
34776,1
1006,1
17284,1
51460,2
12419,5
16856,4
28989,5
12886,5
24390,5
4361,5
43931,3
38758,3
49829,5
24342,2
15600,2
41353,3
9,4
32653,4
23663,5
51398,3
38766,5
19250,2
8780,5
32724,4
9586,4
13097,3
4065,1
46375,1
50358,3
14123,5
24862,2
19871,5
36283,4
27041,2
31698,5
50186,1
51899,4
41838,5
13139,5
23705,1
3246,2
16708,5
42573,5
26126,2
30758,3
10985,4
51944,3
16698,3
24867,5
18300,4
23793,4
42850,5
51399,3
11195,5
23622,2
25516,1
43255,3
4614,5
45329,1
42401,5
31089,3
45679,5
45287,3
34153,4
38152,4
6070,5
12248,4
16516,5
4509,3
36022,1
24146,2
10860,2
9030,4
25509,5
53044,3
8701,4
30025,5
31396,4
19978,5
13694,4
50222,4
53254,3
40199,3
16275,2
51011,2
43463,1
43182,2
25495,3
18505,2
44301,3
4924,5
23004,5
21918,3
53067,3
42891,3
2838,2
23182,1
43401,2
23426,5
29702,1
26613,4
29002,3
51648,2
10646,3
7101,4
3807,5
37464,1
29264,3
33946,4
15134,5
44272,4
27044,3
12781,1
24378,3
5238,4
3277,1
47382,2
29365,3
10572,5
42086,5
51942,4
45815,2
31211,2
30983,1
8910,3
36813,2
33899,1
19675,4
47795,2
20671,4
35503,4
47471,4
38569,5
5279,3
14800,1
16555,5
37704,3
29033,3
36452,5
6332,5
25474,2
14644,3
39878,3
41807,5
40658,3
15936,3
32327,3
37854,5
46887,2
28035,3
2638,4
30338,4
23648,1
598,4
52736,3
44022,4
52671,3
33833,4
748,5
22694,4
53014,4
16699,5
278,4
3623,4
19099,5
17832,5
53424,5
50363,5
34716,4
25109,5
19852,5
24012,5
27140,3
38075,3
5862,5
25111,5
29138,5
37325,5
38417,5
45543,4
7253,5
9194,4
2194,5
6770,3
16322,4
52795,5
25254,5
4625,5
11815,5
38737,5
8177,5
14911,4
5990,5
47802,4
34197,4
16158,3
22569,4
2006,4
30273,5
6902,3
4210,5
38132,5
1642,5
6907,4
7252,4
10487,1
45920,4
34297,4
706,5
35201,4
2410,4
51429,4
52468,2
604,4
13962,4
46410,5
22930,3
14589,4
52641,4
29487,5
1835,3
38922,5
48274,5
17215,5
2601,5
41518,5
34497,4
18626,5
4911,5
16228,3
28454,4
29468,4
23492,5
16911,4
19510,3
28756,5
27081,3
573,5
42307,5
35117,4
10270,5
4394,4
31932,4
30547,3
47642,5
32101,5
29922,5
10396,5
18699,5
37390,5
52338,4
22857,3
39574,5
22377,5
10305,5
53280,4
8443,5
30380,4
36899,4
48023,5
49391,5
6107,5
21533,3
48964,5
15462,5
41169,4
49537,5
26538,4
47641,5
20089,5
30614,5
32586,3
50825,4
29174,5
50913,5
49219,5
28348,3
48088,5
31348,5
33364,3
23219,5
30513,4
50114,5
46693,5
43454,4
19038,5
715,5
26752,5
15777,5
32889,5
549,5
19200,5
41170,4
34887,2
20488,4
10536,3
276,5
45579,4
47355,5
14376,5
25852,4
53288,3
52056,5
9324,4
37149,5
35341,2
12587,4
27856,4
22856,5
40197,5
26044,5
46982,4
31754,5
35721,5
49929,5
39078,5
44141,5
25934,4
51066,5
50721,4
15121,5
49476,4
51691,5
7607,5
8357,5
38615,3
48369,5
10084,5
21003,5
53261,3
2546,4
15829,3
39651,4
38717,5
16871,5
34121,5
23726,2
44642,3
48542,5
52110,1
38263,4
51797,5
32703,5
28467,4
4476,4
33177,5
2226,5
3454,4
35317,5
48976,2
42274,3
6974,4
16281,3
19797,4
51033,4
53321,5
28311,1
2933,3
30179,1
1669,2
27631,4
15880,5
14376,4
17906,4
17704,4
15378,4
34494,3
32649,3
26601,4
48088,3
47737,4
8825,5
46261,3
48536,2
43004,5
11216,4
13686,5
28409,4
2210,4
5438,4
34520,5
20277,5
26054,2
27568,4
53115,3
7192,4
19049,4
26745,5
31366,4
32357,4
14665,4
20467,4
18232,4
36987,4
9005,4
20713,5
2821,1
38900,4
149,3
37190,5
29982,2
19042,2
18891,3
357,4
25651,3
7301,3
49327,3
51950,4
42243,5
11006,4
29729,4
15388,3
1520,4
30825,5
16856,5
32487,4
18015,3
7059,5
4943,3
24353,5
29364,4
20193,4
46404,5
25808,5
11816,3
5908,4
22474,5
9795,5
52383,5
7057,4
5652,1
11579,4
432,5
36874,4
30114,2
4447,4
47835,4
4954,3
49233,4
11385,4
37084,5
3639,5
10388,5
24495,4
20773,5
39525,5
26038,5
1971,5
16233,4
34550,4
14371,3
9397,5
796,5
44167,2
34608,3
5761,5
42593,4
16768,2
40249,5
48230,5
48802,2
32411,4
18512,5
29792,5
23044,4
37761,3
35482,5
52640,5
32,4
27195,4
26728,5
29776,3
50344,3
44744,5
31753,5
45909,5
17620,5
48830,4
24668,4
43116,3
48117,5
30360,3
36220,3
35878,4
10917,2
37586,4
24229,5
11089,4
10354,3
16196,3
14882,3
31883,4
459,3
42302,5
19833,3
44654,4
4451,5
1122,4
14546,2
48244,2
35077,3
24573,5
30531,5
48852,3
25062,4
16456,5
3620,5
9444,5
4493,4
31897,2
53183,4
2124,4
10930,5
14565,3
9752,3
41281,5
37727,2
40255,5
16306,5
50960,5
22223,5
39065,4
28266,4
16811,5
38742,3
7208,4
23403,4
45706,4
36741,4
1944,4
41541,4
50452,4
13099,5
18662,5
9166,5
2266,5
41967,4
11535,5
12413,5
32270,5
51808,3
47649,1
23510,5
49731,3
25694,5
1651,5
28837,5
19086,5
52681,5
7622,5
48490,4
41695,4
53158,1
50720,4
41836,2
15632,5
1929,4
46589,5
35477,5
23234,4
46956,5
46099,4
43221,4
30409,3
25646,5
28911,5
15348,4
21619,3
27623,5
7213,3
19332,5
23791,4
13160,4
50675,4
7149,4
33694,4
52580,5
29208,3
9177,4
30261,4
16445,5
15902,4
31577,5
19024,5
24768,4
36247,5
50573,4
39894,5
40481,5
12206,4
6760,4
39327,4
17966,3
37441,3
4728,5
12940,5
10381,3
8683,4
21241,5
6718,5
1300,5
44599,5
30673,5
46636,5
18264,4
31261,3
42130,5
44644,3
44403,5
20299,5
16908,5
45514,4
35044,5
2912,5
14773,4
4855,4
40877,5
1483,4
901,5
14163,5
38026,2
36628,5
42539,5
10354,4
10429,4
20688,4
1052,5
14380,5
53360,4
45410,4
26918,5
36541,3
48078,4
49686,5
32135,5
29353,5
27675,5
8283,3
38369,4
36574,4
16222,3
10760,5
50955,4
10673,3
29394,5
41805,4
5425,5
39764,5
20844,5
43312,4
28110,3
19959,4
24629,5
7976,5
20227,4
8590,3
23668,5
32679,3
17566,4
23815,3
27948,5
21102,4
14186,5
38518,5
7734,5
1565,4
27387,4
43387,5
11253,4
13908,5
41659,3
50254,4
8935,5
35078,3
44115,5
23066,3
51170,5
21599,4
47663,5
33120,5
52244,5
19309,5
21082,3
44603,4
15254,5
18180,4
32055,3
36238,5
33271,4
31398,4
50304,4
13790,4
45913,4
7992,5
25536,3
44163,4
26077,4
18964,4
25320,5
2960,3
51480,1
44833,5
27663,5
42995,4
45197,5
23868,4
47986,4
45872,5
37020,3
18293,3
34540,4
39500,5
15671,5
31529,4
53056,5
19071,4
36857,5
38743,3
15785,5
20616,5
35092,4
29183,5
1508,4
38842,3
49755,5
31348,5
52077,5
49505,2
53423,5
52429,4
46664,1
5388,5
26935,3
52539,4
44523,3
6745,3
35971,4
34836,5
30250,4
41291,2
30430,3
32059,4
10744,5
52366,5
22093,3
1953,5
27411,5
31064,5
14336,2
33829,5
29945,4
39012,4
18207,5
30556,4
30873,5
1675,3
14844,4
11118,5
5373,4
31389,5
9613,4
46937,4
32118,4
41852,4
39902,5
29244,5
9200,4
3699,5
18459,5
7950,5
23966,4
31852,4
51087,5
37389,5
49483,5
38296,5
20784,4
41126,4
37290,5
3652,4
47100,4
34335,4
21015,3
35378,4
41300,5
20471,2
37796,3
22990,4
52770,4
22925,4
19546,4
23880,2
39596,3
12367,5
26632,4
49390,4
33870,4
45461,3
15408,5
26410,5
30166,2
35033,5
27076,2
29928,3
31420,2
3413,3
16198,4
19881,2
2569,4
6169,3
39218,4
30928,4
26892,4
33721,1
43731,3
14336,4
15764,5
30662,4
36434,4
53280,4
33018,5
26588,4
30796,3
13843,4
885,4
10498,2
46235,5
11785,1
5567,4
37841,3
21178,5
28015,4
14648,5
18712,5
46360,4
37279,5
28395,4
11903,3
48086,5
7483,5
5022,3
28745,4
13857,4
52249,2
43968,5
742,4
5595,3
43975,2
40176,4
51710,3
4904,3
1424,5
1476,1
42408,4
41577,1
15731,4
19547,2
10248,3
51913,4
9091,5
40020,5
2399,3
14399,4
49760,1
4969,4
51971,3
796,5
43825,3
44706,5
17870,5
43516,3
35006,2
15621,5
185,4
694,5
37089,2
40476,3
31667,3
33119,4
35755,3
36852,4
21555,4
33830,4
45269,5
46646,4
42315,2
7540,4
33083,3
18603,3
43713,5
18342,4
33859,5
19306,2
49727,5
20236,4
7305,5
39294,3
43891,4
47303,4
46580,2
28151,3
23379,5
3582,5
45134,4
48717,3
882,2
40885,3
16686,5
45277,5
7905,5
22836,4
25518,1
6350,4
45706,4
22347,4
31692,4
23550,3
24458,5
52298,4
34068,3
51067,3
5063,5
28831,5
22880,5
25320,4
2577,5
27179,4
28921,5
29814,5
45850,3
31266,4
27716,5
43860,5
33649,4
14049,5
28484,5
25444,3
46848,4
37653,2
35511,2
16576,3
4061,2
30013,2
7226,4
49614,2
1726,4
21111,5
11421,1
14827,5
40036,3
19494,4
6318,5
43410,5
36788,5
12432,5
44718,4
22651,5
819,5
29563,3
42003,3
42340,4
27269,3
37654,5
45013,5
41967,3
27772,3
12515,3
24276,5
25959,5
22075,3
26129,5
17176,3
36434,4
14423,4
40327,2
2099,4
14632,3
16986,5
38919,4
6262,5
21734,3
51757,3
40691,3
48200,3
41280,5
20358,5
15140,3
52362,2
44594,3
14623,3
46253,3
33689,3
38683,3
25704,3
38012,3
31603,3
44127,3
15903,3
5375,1
32988,3
3423,4
11882,3
22122,3
1605,4
9507,3
33158,4
42797,5
31965,4
50618,4
19266,5
37313,5
43473,4
26609,4
21697,4
40364,3
38711,3
3736,2
3771,5
23125,3
19905,3
53421,5
32865,5
18077,2
22751,4
35826,3
13148,4
47556,3
49493,5
17921,4
45684,4
29625,5
21922,4
33675,5
34011,4
9413,3
17512,3
13541,4
13599,5
32618,4
42631,4
28470,3
30096,3
48306,5
13718,3
38311,4
52461,4
11226,5
18677,2
40124,4
24618,5
33899,4
13946,3
16006,3
22349,4
31587,3
26033,4
46100,5
21784,3
19886,3
45605,3
6914,4
27621,3
21743,5
1154,4
17964,2
23706,4
29604,3
36094,3
11743,5
5739,5
46662,4
49453,5
16545,4
17563,4
35764,5
25427,4
2525,5
30039,5
40221,5
27655,5
10541,4
6918,5
31276,4
3108,3
46747,4
29631,4
19316,4
30905,5
32795,5
35143,2
44157,5
36673,5
43687,5
518,4
43840,4
33700,5
18692,5
17142,5
24326,5
8281,4
42077,4
50901,4
8025,4
21868,3
25472,4
14669,5
36318,4
49465,3
21856,3
50891,4
32182,5
47211,3
14862,5
5051,4
14010,1
36353,3
51248,5
16424,4
5246,2
31867,3
36751,5
22307,1
18737,4
22199,4
8207,4
7791,5
80,1
18928,1
33619,5
18277,3
52599,1
629,5
2827,5
18576,5
50102,5
6652,5
53261,5
38433,4
14673,5
32050,4
14416,5
48287,3
47231,2
34980,5
37418,4
4605,4
32629,5
31938,5
25162,4
18977,4
37416,5
25382,4
8905,4
38213,4
31869,5
2365,5
3724,5
33627,5
47293,3
44285,1
5343,4
28228,3
12803,3
16708,5
37379,4
45277,5
31891,3
9516,3
22718,5
31234,4
53094,3
16423,5
30337,5
24462,5
31777,5
24916,5
23893,5
11550,5
26922,5
27669,4
5649,5
41892,5
20894,4
26549,4
49760,2
14243,5
2313,5
46536,5
1844,5
36618,5
31499,5
15329,5
14244,5
33716,5
8475,4
27386,4
27871,4
52322,5
4399,3
14500,4
8674,5
14757,4
6675,5
44220,4
45033,5
10464,3
1377,4
17440,4
22888,5
11107,3
20943,3
26368,5
43046,3
2057,4
15901,5
41051,5
18580,5
50705,4
40338,5
47273,4
52282,3
37143,4
50001,3
5737,4
41469,5
38330,3
43092,5
2475,5
18359,4
34705,4
43393,5
1725,5
25761,5
10321,5
38960,5
9344,2
31038,4
7663,5
10705,4
4438,4
31232,4
8468,1
17699,3
14154,2
2525,4
30325,5
20509,3
41072,5
45811,5
14377,3
49008,5
34891,2
3421,4
44300,4
30186,4
34540,5
31044,5
29578,4
29767,4
4639,5
10990,5
49781,4
45856,5
11307,3
23338,5
12334,4
32504,5
32317,3
41806,3
36611,4
11103,5
40764,4
16696,5
26230,4
12367,5
7936,5
27680,4
34786,5
39927,5
24224,4
23927,2
46737,5
29350,5
18219,5
20887,4
46071,3
15582,4
21418,3
46765,5
14677,5
9612,5
15170,3
24621,4
12616,4
25348,5
9862,5
37631,1
18168,5
21356,2
32901,4
10291,5
45860,4
26742,5
48336,4
32005,5
43082,3
10090,3
47133,4
27962,4
50233,5
44629,5
20711,2
30192,5
11461,5
11921,3
17320,4
34496,4
30392,4
33006,5
44904,4
30678,5
22157,4
4113,2
15928,4
23641,5
20291,4
24165,3
10689,3
25119,3
4131,5
49689,3
3323,3
3906,4
41486,5
1360,1
24952,5
13685,4
49989,3
43569,5
7319,4
52223,4
29967,4
44186,5
52641,5
25659,4
16580,2
22195,4
23610,4
29276,3
44593,4
35062,4
36030,4
16073,4
33204,5
2983,3
21806,5
47649,5
52178,5
19229,5
23394,4
52417,4
47409,5
18362,4
51702,5
20085,5
57,4
42544,4
9583,4
22947,3
41729,3
37986,5
27536,5
31788,3
14765,5
5535,5
5726,5
7211,3
19457,4
10874,5
50321,2
16321,4
42566,5
49437,5
14046,2
23099,4
51150,3
8511,3
2004,3
4899,3
30997,3
13280,5
28559,4
10813,4
28426,5
24282,3
26481,4
48514,4
7974,5
10696,5
2390,5
35948,4
22047,2
18008,5
878,4
16046,4
36061,5
45861,5
38840,4
42631,4
22044,5
36588,3
45080,4
45004,5
27776,4
52044,3
18867,3
23010,4
17829,5
48984,5
43118,5
4117,3
49986,4
31838,3
25978,4
9904,4
13839,5
26561,5
43020,2
38289,3
27166,5
11377,4
49378,5
25699,5
47287,5
48261,3
34794,5
21191,3
10453,5
31120,5
50935,3
10102,3
49653,4
18372,4
27838,3
15517,5
37399,5
19465,5
21613,3
29950,5
32296,4
22240,1
28197,4
44914,4
53324,5
2339,4
38315,3
9365,4
44233,5
18929,4
30628,5
374,4
13038,5
49106,3
14676,4
1648,5
18643,4
33523,5
45837,3
2927,4
13328,3
38368,3
45130,4
37234,4
6364,4
13406,1
33034,4
20859,5
35990,3
49445,3
48408,3
45818,5
14921,5
35473,5
33244,4
15739,5
12311,4
12127,5
37999,4
23952,4
21843,5
30006,4
6014,4
40443,5
46520,3
6050,5
42771,2
20489,5
15971,5
35041,2
14756,5
8818,2
476,5
46223,5
4690,5
50098,4
14662,4
42136,5
27769,4
32883,4
10961,4
34817,4
50088,4
48871,4
1824,4
10753,3
9856,4
11329,3
2695,5
30599,4
10530,4
45152,5
46765,4
26069,5
51748,5
47646,5
16112,5
40327,4
2018,5
16809,5
29408,4
41958,4
7539,5
17523,4
34574,5
11030,1
38249,1
42436,3
1153,4
7913,5
34939,4
11157,4
37897,4
34054,4
34751,5
1702,4
32267,5
42913,5
5496,4
6342,5
8811,4
31708,2
23388,5
32579,4
36744,3
23693,5
44141,5
34168,4
7977,5
46623,5
20639,4
49873,3
13146,5
45122,3
40990,3
52536,4
29492,5
43549,5
32074,4
24247,5
34407,4
10771,5
25109,5
22097,2
8287,4
12580,4
42781,4
16110,5
695,4
43140,5
17436,4
37917,5
17994,5
7747,4
4706,3
7508,4
31917,4
43007,3
7967,2
20188,5
20895,4
18396,4
28960,5
45220,4
37236,5
25998,5
23534,4
52015,5
30227,4
8789,4
32814,4
26873,5
36201,4
11372,5
47821,5
13165,3
8905,4
17738,4
35999,3
21764,5
18376,4
18826,4
29193,2
43887,4
28716,4
14486,3
45083,4
50171,4
7565,3
9812,5
1167,4
20206,3
30,5
34397,5
8283,4
38107,4
18254,5
17242,2
7411,5
21778,3
23994,5
48644,4
24937,4
43713,4
33216,4
28216,5
46247,4
20975,3
16976,3
35308,4
43727,3
3488,3
21508,5
23262,2
44319,5
51398,3
47028,2
27031,5
23497,4
46466,4
16297,5
51155,3
29981,3
14106,4
29114,2
3440,5
45163,5
34468,5
30370,4
4130,3
339,5
46501,4
14316,3
31219,4
34527,2
7623,3
49833,4
14177,3
18703,4
10066,3
53155,4
17559,3
39009,3
17031,2
8714,4
4242,4
35138,4
34689,2
41257,5
30212,5
27741,5
52515,5
40340,4
28182,5
11723,2
31624,5
52726,3
16180,3
32174,4
14832,4
9973,5
37425,5
1921,4
19282,3
42887,5
23380,3
10264,4
25978,3
25007,4
47435,3
36157,2
51919,4
41903,5
34897,1
1809,4
5259,4
16568,3
32364,4
44774,4
18642,4
37169,4
21258,3
20021,5
9450,5
22045,4
716,4
4563,4
38452,4
12028,4
17264,3
17625,4
24090,4
29972,5
32927,3
17837,3
24312,4
29832,4
5946,4
39889,4
40144,4
27663,5
24790,5
17212,4
6839,5
20125,5
4308,5
39794,5
28832,4
25777,3
19780,3
2243,5
5688,2
25483,4
22708,5
30052,5
47804,4
8217,5
51149,5
31322,4
9663,3
18031,5
45377,3
11059,5
25995,3
17972,3
30609,5
39116,4
45123,4
10011,3
45172,4
34569,5
28841,5
35937,3
21356,4
25022,3
12258,5
12650,4
29435,5
16425,5
49653,5
18296,5
36532,4
39798,4
23525,5
32935,5
45835,3
4886,4
20489,5
419,4
37078,4
48060,5
49239,4
3061,4
13896,5
38290,4
14419,4
37393,4
38099,5
1438,5
47767,3
21194,4
37089,3
18317,5
21161,2
10442,4
14346,3
32649,5
31791,3
20616,5
43940,3
29162,3
18260,4
11677,5
53208,3
17904,4
52919,3
30547,4
15609,4
19217,4
38006,4
19065,4
50090,5
24568,5
6749,4
32775,5
12346,4
37298,4
1657,4
41535,3
48471,3
6615,5
18237,4
23231,5
19061,5
29895,4
49649,5
20431,5
30960,2
5477,3
13667,5
29777,4
43378,5
17772,4
32587,3
24500,4
32621,5
23864,5
986,5
52248,4
10396,5
19071,5
14766,5
46806,5
4544,5
12013,5
20923,3
15185,5
8048,5
21607,5
51885,2
47864,5
22561,5
29372,2
23950,3
19666,5
6257,4
37362,4
51272,3
21523,3
24857,4
5707,5
21242,4
51005,3
27627,4
53185,4
1630,4
25597,1
17472,4
6134,3
9793,3
10974,5
17610,4
41756,4
16204,5
47687,5
33547,3
45566,4
45413,5
52261,5
23254,5
46925,5
51898,4
32255,5
24366,5
35650,4
38422,5
42950,5
2194,4
19488,4
30737,4
12055,2
17246,5
28109,5
10046,5
45628,3
8373,4
47155,5
37894,5
19177,4
49922,5
35535,5
22134,4
1844,4
24430,4
43855,4
4531,4
46595,2
4795,5
22505,4
8764,4
46763,5
21384,4
28430,4
10329,5
2062,4
33750,5
37448,5
51790,5
7960,4
46812,3
34779,4
20106,4
43918,4
26435,5
16371,4
30176,5
17688,5
52528,5
51845,5
22423,5
53162,4
15053,5
35460,5
23142,4
21442,4
32977,4
36995,5
18594,4
44629,3
15582,3
50976,5
1512,3
11023,4
38635,4
40123,4
28084,5
21986,2
17857,4
52012,4
12778,2
2076,4
32055,3
38063,4
10286,4
27097,5
37800,4
24530,5
46671,4
12690,5
42596,4
42663,5
50597,5
3176,4
11703,4
24708,3
19450,4
22097,5
51799,5
26210,4
25452,5
5032,2
52516,2
921,5
39094,3
20697,5
46508,5
23642,3
12211,5
44046,2
20039,3
20549,5
45760,5
14216,4
17475,4
2954,4
13947,2
23101,4
6725,4
34357,5
2246,4
38156,5
8858,4
46958,3
11491,5
20145,5
44698,5
16225,4
45650,4
28902,3
11723,5
1692,4
49299,5
33356,5
42843,4
26247,3
16778,5
12146,3
47477,4
11017,5
42058,4
6785,5
3922,5
26679,5
1693,5
18468,4
3457,4
3886,5
21662,4
7507,5
19483,5
34487,4
15845,3
22362,4
1947,5
6568,4
12370,5
14599,5
4184,5
32211,5
35165,5
25263,5
7654,5
11010,5
33297,5
14760,5
27221,3
37242,5
16803,5
13523,3
20147,3
49208,5
31484,3
53048,5
25580,5
38396,5
8343,4
53079,4
28700,5
14919,4
5738,3
12173,5
35033,3
45999,4
44840,4
31240,3
37846,3
32823,3
40191,1
36722,4
39500,5
20613,5
40459,4
3310,3
17196,3
46465,2
49564,5
33289,4
35894,4
51273,5
15030,5
40231,4
38023,5
1213,3
22674,3
5765,4
29037,5
52408,5
42436,3
20900,3
26260,5
43401,3
30946,5
51888,5
36849,5
25767,5
24461,5
46663,5
11919,3
39047,5
10231,4
5326,4
9160,4
5583,5
25125,5
34873,4
32430,3
44866,3
43813,4
42519,3
22709,4
41439,3
21117,4
10608,3
29930,4
18511,4
5394,3
4511,5
19581,5
7959,4
2816,4
42763,3
1126,5
218,5
22347,5
18072,3
24487,1
44832,4
4315,3
34556,3
11028,5
9030,4
6137,5
29036,5
46900,3
22653,5
8346,4
43233,3
39327,4
18872,4
14713,5
39454,5
42024,3
20093,3
4874,3
44357,5
5961,4
47395,5
15952,5
27289,5
9722,4
30335,3
48483,4
23002,4
13188,3
28935,3
52461,5
48907,2
49370,5
6331,3
45105,4
24396,4
46984,4
16434,3
20137,5
41805,2
36708,3
20571,4
26181,5
7326,4
23291,5
32813,5
4450,5
31228,5
27738,5
40971,5
8648,5
22987,5
21529,4
39403,4
21779,5
16367,5
38915,5
34839,4
31834,5
51750,4
2294,4
50871,4
29167,4
51799,4
29363,3
39445,5
37350,5
44648,4
52477,5
29661,5
27860,4
30700,5
610,3
5961,5
49144,5
42730,4
33042,5
37197,3
23685,3
35284,5
39661,5
2101,5
50914,5
32654,4
36903,5
28443,5
35332,5
5785,4
13360,5
43982,3
25333,5
38350,5
4192,4
14646,5
3187,5
33644,3
9026,3
20232,5
22360,5
14015,5
28158,5
28131,5
6271,4
1091,4
26945,5
43159,4
35476,5
14014,5
37814,4
47203,5
2,5
24722,5
34239,5
44175,5
1874,5
16752,4
50275,5
9527,4
21851,4
12074,2
48874,4
30602,5
6114,3
45028,4
9456,4
36731,4
38297,5
46449,5
18000,3
42929,4
9365,4
163,5
3352,5
48228,4
48329,4
5044,4
21387,4
33035,4
11544,3
17850,5
30971,5
43,4
10471,5
53021,4
440,3
15151,5
44876,5
33063,4
49378,5
21138,4
18932,5
24940,5
50129,4
16105,5
5225,5
25874,5
45097,4
5853,4
4878,5
52011,5
793,4
868,4
10817,5
7203,3
13687,5
9146,3
35012,5
31875,4
11379,4
25898,5
43990,4
17832,4
12715,5
4389,4
22533,3
24343,5
1496,5
16627,5
11775,5
19481,4
3459,4
14403,5
36169,5
17764,4
12458,5
25004,5
15194,5
44402,4
17074,5
50130,3
819,5
31538,5
6187,5
34445,4
653,3
7363,5
46011,5
53223,5
36834,5
20578,5
31845,5
31325,3
24854,5
29990,5
30017,3
47809,5
22240,5
35505,5
49433,5
18615,5
32713,2
33948,4
52673,3
19832,5
6653,4
6165,4
26196,5
23010,5
24544,5
11280,5
26601,5
38780,3
40953,5
11821,5
21556,5
34327,4
34460,3
8617,3
14672,5
25129,5
9880,5
30190,5
53183,5
23003,5
18193,5
49988,4
26172,5
36185,5
23451,5
38677,5
26018,5
47265,5
46863,4
15063,5
20424,5
43118,1
40068,5
35672,4
368,4
25529,2
7607,5
10876,5
47615,5
51282,5
8590,3
43758,5
42964,5
20863,4
36695,5
51047,4
22219,5
9162,5
14768,5
10661,5
39051,1
4290,5
50550,5
40358,4
44570,5
11200,5
33003,4
2143,5
26762,4
21605,5
28857,1
33979,5
11588,5
3612,4
33762,4
38262,4
4402,4
7982,5
10494,5
31626,4
16137,4
9485,4
41267,2
22099,5
9856,4
40649,4
49837,3
19447,5
20737,4
40133,5
49990,5
36845,5
47295,5
32525,5
49167,5
45557,1
18855,5
9222,4
25152,5
46618,5
39124,4
38255,3
48980,4
38839,5
14380,5
23970,4
2037,4
13763,5
19590,5
16522,3
25446,5
9210,5
39972,3
9571,5
24155,4
33624,1
33136,4
48110,5
11863,4
2215,4
42929,4
25360,5
42721,4
37403,3
22105,5
9503,4
52647,3
47364,4
15686,5
39767,4
3075,1
42032,2
48441,5
12320,4
37872,4
28607,2
1007,5
4035,4
14404,5
49183,4
962,4
1231,3
10770,3
13979,5
7632,3
29720,3
33599,5
43842,3
37537,5
48160,5
34566,4
43520,3
43367,5
39866,5
6700,5
26705,5
448,4
10072,3
44582,5
3458,3
31514,3
51593,3
52161,4
10070,4
31815,5
52202,5
24018,5
43382,5
14227,5
20939,2
16507,4
7716,5
19994,2
12189,3
50998,4
20168,3
9760,4
15218,3
9600,5
49346,3
53182,3
21605,5
10912,4
47846,5
38291,4
13431,5
52948,3
16076,5
39118,4
7667,4
32083,5
49082,4
10012,4
28439,4
3486,4
609,4
20823,4
43490,4
11854,3
48430,4
25837,5
53023,3
18057,3
15663,2
51178,3
40829,1
17431,5
5563,3
33315,4
36624,5
12314,2
6603,4
14313,4
10793,5
25785,4
23311,4
43761,4
47249,4
20466,3
18662,4
15728,4
11660,3
19672,4
7766,4
34298,5
26899,5
33634,5
4598,5
16487,3
7642,4
20140,5
11984,4
44770,5
33576,3
43907,4
42540,4
43276,2
21670,4
24637,4
43418,5
41077,4
21675,1
35351,2
2397,3
32020,5
5501,4
45854,5
50194,4
24398,2
15726,3
53424,4
50210,3
971,3
24513,5
29159,4
29500,5
22170,5
16389,2
13428,3
15838,3
21025,3
11912,3
23082,2
4835,3
2850,5
16650,5
31253,4
40080,5
28450,4
12518,2
20016,4
27097,5
9823,5
23393,3
34042,5
31201,4
10540,4
39096,5
40601,4
5238,5
50063,5
14827,5
29562,4
1503,4
2895,4
22864,5
20584,5
7789,5
15274,4
25421,5
16210,5
37403,5
29199,5
47276,5
48482,4
7203,3
31024,2
33009,5
24547,4
28548,5
16599,4
28016,5
46651,5
32083,5
47533,5
16556,5
1873,4
45193,4
19225,4
51731,5
8308,5
15256,3
413,5
9210,5
39774,5
5366,5
53021,4
19229,5
53294,3
33191,5
51392,5
41297,5
20385,5
15032,5
6539,3
45042,5
38178,5
31027,5
3467,3
38925,5
42668,4
17765,5
48244,5
21013,3
40160,5
19991,5
27559,5
10790,5
9707,3
4218,4
8140,3
15643,5
14245,3
26510,2
11670,4
36298,3
24424,5
30434,4
43022,5
26762,4
9263,5
12014,5
4561,4
19128,3
36689,5
19212,4
44843,5
23192,5
26977,5
35003,5
15040,5
25604,5
52542,5
35372,4
5795,4
42099,5
30038,5
22129,5
45480,5
35983,5
40271,5
9867,4
43406,5
31572,4
49208,5
13387,5
51386,5
39171,5
2706,4
3110,4
29251,5
26722,3
190,4
11544,2
2288,5
50253,5
21807,3
12276,3
10232,1
26230,5
11622,5
30236,3
7807,5
7003,3
46269,5
12919,5
42036,5
33085,5
27071,5
28598,5
41366,5
4891,5
39706,4
46672,5
47794,5
18574,3
26301,5
20280,4
44395,3
15185,4
27532,5
37629,5
50044,5
17957,2
22273,3
4351,5
10191,5
52271,3
47324,4
18431,4
42308,5
33267,5
34490,4
26204,2
31828,5
45320,3
27402,5
17984,5
52373,5
8650,3
53350,5
23159,4
12419,3
37326,5
13249,3
15773,5
1352,5
26658,5
33207,5
18029,4
29891,3
17534,4
49233,5
30961,4
13391,5
34585,3
32354,5
40755,5
34820,4
15922,3
28972,3
49463,4
25079,3
39379,5
19932,3
36191,2
26360,3
39447,4
2952,4
44093,3
5997,3
47490,5
46653,5
40240,5
2544,4
1991,3
51834,5
4082,2
17039,3
39136,3
29644,5
46235,5
7099,4
12671,3
31169,3
12874,5
18939,5
51835,3
4764,3
53112,4
3294,5
1321,3
47136,4
36635,4
36471,4
38114,4
20925,3
32573,4
20740,3
25963,5
3098,4
46269,4
29144,5
49071,4
53089,4
18941,5
34010,2
34495,5
1775,4
21989,4
22152,5
19865,5
46812,3
34685,3
46665,3
13033,5
12114,3
2617,4
41195,4
26271,2
42419,5
17978,3
23913,4
8052,1
4452,5
29714,3
53002,4
29581,1
22891,3
19042,3
34360,4
44644,3
42414,5
36539,3
15887,4
42073,4
28007,3
39685,5
28883,4
41386,5
4750,4
51365,2
16830,4
51284,2
41420,5
46889,5
34067,5
20464,4
4113,2
2712,5
18070,3
1287,4
1688,4
52111,4
13599,5
46261,2
8522,5
1167,3
6370,5
8867,5
40884,5
40239,5
7395,5
49325,5
15763,3
9132,5
40024,4
35386,3
40119,5
15329,4
9442,5
28354,4
51087,5
45264,5
39515,4
24444,3
52939,5
23964,4
4580,4
3730,3
47481,5
49694,2
17351,2
11433,5
19847,4
10414,5
13561,4
802,4
46687,4
9254,5
4407,4
36737,5
15505,4
49436,2
19575,5
35516,3
26021,3
28374,5
36396,3
3136,4
1777,3
1771,5
30459,4
53069,5
27983,2
6482,4
26773,4
27607,5
35858,5
5024,5
36648,4
48921,5
35810,3
11191,4
26722,5
21278,5
9008,4
13640,5
42754,5
8918,5
14331,4
21747,5
41295,5
7476,4
48027,5
41151,3
40599,5
45766,4
52129,5
15676,2
45195,5
21982,5
39186,5
7528,5
48100,5
9485,5
22663,5
50302,3
9639,5
35761,4
45354,4
28741,4
52615,5
37094,5
23277,5
50887,4
40762,3
40543,4
16577,4
47882,5
35142,4
40971,4
38844,5
29614,3
42649,5
39391,5
21511,5
12948,5
3211,5
47454,4
44753,4
10974,4
10370,5
13460,5
26635,4
8908,2
16616,5
14453,3
35059,3
11157,4
16780,5
3557,4
11253,4
43237,4
7398,5
27196,5
49239,4
5085,3
15285,5
49468,5
47053,4
26603,5
30549,5
35482,5
279,5
29017,4
48954,4
24441,4
31196,5
32356,4
28314,4
7579,4
36638,5
28037,3
10915,2
19356,5
48146,4
29937,3
2807,3
4690,2
35318,5
24780,4
23867,4
36293,4
40835,3
25153,5
16607,5
15718,3
9262,4
12377,5
11394,3
10735,5
7150,5
2640,5
52639,3
51442,5
12749,5
650,5
28510,5
41943,3
16241,5
49976,3
47814,4
30356,5
14689,4
38514,5
34385,5
2166,4
29383,5
29361,5
29189,4
34996,5
41377,5
44833,5
14285,5
40470,4
28000,5
43908,5
11398,5
2233,5
11224,5
36952,5
13780,5
29982,5
52670,4
19834,4
23709,5
42026,5
39866,5
51062,5
25102,5
19431,5
49114,4
28429,4
25926,5
4014,3
6237,5
48399,5
39601,5
13797,5
24956,3
12469,5
45162,4
4352,3
23761,5
24969,4
14082,5
24941,5
30847,5
30909,5
30091,5
51157,5
38852,5
25905,5
48445,4
17644,5
30403,5
12439,4
26144,4
46189,5
20188,5
17900,4
9442,5
15135,4
9090,4
51059,5
47054,4
44207,5
6218,5
37152,5
26313,4
9661,4
16761,3
40974,4
5270,5
49485,3
46328,5
49364,5
39515,4
11674,5
12695,5
6488,5
45088,4
15559,5
23306,5
44996,5
34961,4
16369,5
23642,3
12588,5
40324,4
18986,4
18038,5
8812,5
39154,5
52818,5
13244,4
34742,4
16866,5
16394,5
42067,5
36533,5
981,4
51117,5
23083,4
36261,5
12515,4
5733,5
22339,4
42832,5
7746,5
21463,4
14994,5
8291,3
18921,4
34655,4
36298,4
13440,5
31334,5
31363,5
46958,5
24028,4
25622,4
22727,4
29589,4
32896,4
12977,5
22451,5
37396,5
50494,5
50425,5
15796,4
8010,4
44672,3
29981,5
39110,5
4120,3
812,5
17684,3
7173,5
20625,4
41475,4
791,4
13287,5
8652,4
42880,5
13795,5
48651,5
9390,5
17541,5
13159,5
48755,5
22468,5
35097,4
40364,5
9821,3
47614,5
41708,3
25102,5
32912,5
13761,4
26203,5
40420,5
10151,5
5354,5
4598,5
26059,4
12173,5
33736,5
39635,5
3085,4
32112,5
14109,5
6621,5
21143,5
2527,5
22944,5
40055,5
46392,4
26303,5
40244,5
35024,5
25622,5
10027,5
18494,5
9676,4
38145,5
37357,5
4619,5
45864,5
43079,5
1863,5
31351,4
43197,3
31966,3
31546,5
25086,3
32596,5
53202,5
39939,5
11595,4
52844,4
30450,5
7395,5
47082,4
51035,5
37830,5
52874,5
45525,4
1630,5
49190,5
9099,4
17218,4
36753,5
42234,5
35750,5
29153,3
22532,3
3101,4
33864,4
18265,5
44789,5
20150,5
11498,2
42770,3
40867,5
14341,4
46883,5
13210,5
44183,5
15523,5
18850,5
3144,3
23714,5
21594,5
52942,5
519,5
31159,5
33560,5
28269,4
23319,4
50841,5
1504,5
22640,3
43027,5
32921,3
38920,5
18404,4
28442,3
52290,3
42453,5
28434,5
29964,5
34497,4
12524,5
23358,3
6368,4
49917,4
39827,3
33011,4
36959,4
13490,4
43971,4
31015,4
5529,3
7273,5
42039,5
27498,5
24565,5
36757,5
43954,5
49857,5
47793,5
38895,5
6525,5
43385,5
44714,5
18229,4
28425,5
22144,4
25604,5
47146,5
49021,5
38995,4
5228,4
51072,4
7474,5
47914,5
37794,5
24483,5
52858,5
4779,5
17784,4
21072,4
29525,4
27607,5
22998,4
4240,1
48318,5
31812,5
44785,4
43196,4
41647,5
48564,5
32734,1
26111,3
17069,3
23606,4
52858,5
11447,4
3389,3
34210,5
12939,4
33073,5
18070,4
8075,4
8476,2
34323,3
45189,4
30840,5
21330,3
4962,2
354,4
51514,1
1566,1
39137,4
35332,4
28128,5
29558,4
6563,5
7269,4
30353,4
394,1
41451,3
20517,5
43770,5
10187,3
62,3
42177,4
13222,4
41929,3
14111,2
2655,4
13482,1
22538,5
46639,5
52457,3
8440,2
22302,2
1560,5
5749,1
34484,5
19326,3
5047,3
8843,4
11069,1
23485,4
24790,4
10672,3
53260,5
15706,3
45732,5
5234,3
31833,3
12434,4
38962,3
25590,4
19222,4
25544,3
47827,3
46422,5
34428,4
31623,3
7452,3
34057,4
911,4
10929,1
42620,4
6938,4
13723,4
3483,5
32461,3
44430,4
36318,4
15792,5
23669,4
34461,4
2483,3
34147,3
39811,3
53370,4
8895,4
37878,4
51946,3
11760,1
58,1
14260,3
6514,3
8692,4
10646,5
23097,4
26166,4
10897,4
29691,3
1244,3
3288,3
27823,5
36728,5
13043,3
5672,4
10523,4
7870,4
5417,3
41893,4
38304,4
13645,4
35546,5
45352,4
19823,5
44514,4
22278,4
10034,5
51991,3
45491,4
50812,5
48127,5
46358,5
8190,2
25071,3
8106,2
23235,4
2405,5
11603,5
42459,5
22240,4
4352,3
33560,5
14764,5
47433,4
21485,4
22827,5
31140,5
10695,4
11137,5
25643,5
9658,4
22533,4
11785,5
40948,5
12004,5
2701,5
39579,5
2736,4
2288,4
27354,5
10633,5
4773,5
10529,4
12234,4
6310,5
10915,5
50229,5
25478,5
3022,4
926,4
24252,4
51985,5
3197,4
11072,5
45113,5
19867,3
33611,4
31464,5
17722,5
50927,4
49813,5
15632,5
25155,5
34984,5
29952,4
40381,4
52853,5
3115,4
38317,4
50088,5
11134,3
38330,5
8014,3
31846,5
12629,5
40951,5
532,4
21641,5
21711,5
27673,5
45974,4
16090,5
21982,5
51002,5
34803,4
2265,5
13624,4
49372,1
8779,5
16479,5
15820,5
15665,5
18723,5
13877,4
22061,3
45006,5
19011,5
40143,5
38334,3
5938,4
7415,4
10042,4
46874,4
39328,5
35924,5
29467,4
36702,5
51867,5
42266,5
25402,4
47234,5
14745,1
47426,5
31869,5
47981,5
16803,5
7523,5
8821,5
49129,4
31665,4
41711,5
1507,5
26059,4
50385,4
37112,5
45397,5
13412,4
40934,5
37597,5
12425,1
28038,4
25356,5
16425,5
36869,5
817,4
19614,5
40829,5
45316,5
50610,4
13378,3
9122,5
47766,3
7045,4
31721,4
45764,5
29121,4
43530,5
7912,4
51931,4
29440,5
41665,5
14752,5
2322,4
1127,4
12221,4
20209,5
44168,5
45467,4
14916,4
13864,3
10337,5
15913,4
18774,4
51019,5
25521,5
4883,3
47301,5
13166,4
18025,4
9342,3
43720,4
25875,5
45450,4
7704,3
31598,5
47614,4
30727,3
11390,5
13897,4
942,3
49325,5
38842,2
25813,4
51283,4
40664,5
34610,4
32203,3
22229,1
37750,5
51323,3
53029,4
8763,5
41930,4
28891,2
18007,4
47671,3
30717,3
46953,4
22910,3
40999,5
15864,5
14823,5
15233,1
8003,3
14310,4
3295,4
50358,4
28624,5
52364,5
9108,2
48288,3
42485,5
31385,1
13487,4
38118,4
23256,3
22357,5
49026,3
18517,2
15873,1
42025,3
13933,3
10550,3
8424,5
36126,3
42581,4
53419,1
33708,3
38077,3
40556,3
1154,4
23109,3
846,4
11540,1
38022,4
31509,3
9764,5
146,4
23379,3
2519,4
42301,3
3436,5
34873,4
26548,3
25580,3
30187,3
39309,3
41735,4
23932,5
47579,3
15285,3
12987,3
7766,4
35382,4
48851,3
18369,3
2046,3
1374,4
41534,3
40204,5
7820,4
50477,4
26316,4
12088,4
21101,4
16571,3
13870,4
283,4
41014,5
12895,4
5688,3
915,5
19493,2
25888,3
488,5
18195,5
11644,5
20560,4
31202,5
25476,5
43824,4
21790,2
24501,4
13995,4
37578,5
46270,5
41274,3
41005,4
1148,5
2255,3
22553,4
17480,5
33739,5
26119,3
7514,2
12621,5
40121,2
29404,2
51622,4
18447,5
46174,5
28032,2
21911,4
6172,5
3414,5
12943,5
46943,4
32489,3
4047,5
13818,3
13928,4
22072,3
8040,3
24313,5
8821,2
50581,5
5556,5
6071,5
8565,4
28239,4
44776,3
9802,4
24991,4
32926,3
44276,4
20202,4
2334,5
51490,4
39882,3
24966,3
10100,4
39719,3
46582,4
34379,3
38275,3
4975,3
9451,2
6478,4
23513,4
21011,3
5682,3
38612,5
34039,5
30148,5
49667,4
16327,4
26846,3
37213,3
19510,2
27756,4
11873,4
39567,4
48900,3
4299,5
39484,4
8095,5
10943,5
8983,2
11648,3
2919,5
16950,4
17850,3
4253,3
24377,5
18897,2
27338,3
712,5
27409,5
6559,4
16263,3
40803,2
22232,3
26673,2
38986,2
30345,4
44162,4
15748,1
39170,3
22985,5
36313,4
20613,4
12559,4
43908,3
33280,3
36197,5
21781,2
50496,4
11462,5
45948,5
14238,5
116,4
52419,5
9267,4
34058,5
43626,4
50381,3
244,3
12645,4
8812,4
30989,4
440,2
40727,3
12561,4
16093,4
22996,3
18217,5
29236,3
45741,3
38505,2
36694,5
18973,4
39304,2
5226,5
12800,4
1579,4
29850,4
48389,4
48508,5
37759,5
34889,4
34062,4
50409,5
15476,3
18262,4
46170,4
45828,4
31980,2
40980,3
21471,3
1128,4
50085,4
13154,3
3763,4
23248,4
53115,2
37207,5
36606,3
1355,5
5312,3
34724,3
6073,4
21490,2
2735,3
35360,3
48910,3
20242,3
19757,3
12747,5
22600,2
31800,5
36333,5
27043,4
6558,3
5675,3
27526,5
799,2
25243,4
15046,5
25218,4
53159,5
18179,4
24848,2
42818,4
40253,4
24284,5
48208,4
16294,3
38933,4
40540,4
1759,4
25639,5
7371,2
22060,4
41882,4
52325,4
13537,2
35012,4
18135,4
47252,4
797,3
33145,2
34678,2
41915,5
38421,4
12462,4
50532,5
3452,5
27025,5
22116,3
18118,2
44941,5
6144,3
44230,4
42228,4
48901,5
4867,4
16524,4
35258,1
46280,5
20855,5
11631,5
29213,3
23110,4
52599,5
22563,4
53295,1
5466,5
53144,4
409,5
30180,5
29032,4
16707,5
27224,4
44840,4
45936,2
42573,5
31592,3
26286,3
3099,4
22558,5
47969,4
7320,5
19697,4
21809,4
37045,4
12730,4
32600,3
36863,5
20161,4
2090,2
6978,4
23135,3
15003,4
14096,4
33568,4
29051,3
14865,4
38466,4
662,5
39480,4
49002,3
46475,4
28806,5
37340,5
36883,4
10714,3
17816,4
17176,5
34191,5
8378,5
16868,5
28520,5
13520,4
44958,5
2083,5
11725,5
52104,4
10931,5
33206,5
48876,5
25016,5
39763,4
29726,4
42034,2
6669,4
18795,4
8772,5
6675,4
37342,3
29709,5
15034,4
18821,5
4664,5
37931,5
29926,3
41305,5
26323,5
2673,5
11594,5
34641,5
46428,5
1652,4
36705,4
12704,4
42722,5
16217,4
29365,4
35171,5
30095,3
2163,5
13294,5
1936,5
21901,5
2434,5
48725,4
11094,4
17537,4
19085,3
44760,5
39410,4
52164,5
52486,5
199,5
7740,3
2179,3
5071,5
33339,4
52109,5
19451,5
40307,5
34986,5
40522,5
46886,5
19251,4
29412,3
52322,5
18638,3
45605,5
11439,5
43788,5
32195,5
32418,4
49859,5
39587,4
33193,4
22681,3
25341,4
50171,5
25384,4
38612,5
39489,5
19227,4
40444,5
8807,5
28241,4
52633,2
8621,5
35955,5
23401,5
1095,5
22685,2
15958,5
22467,3
27313,4
31904,5
3194,5
47745,4
41531,4
48462,5
35739,5
34991,5
28918,4
37254,5
9451,5
35329,2
28067,5
24022,5
22290,4
802,5
4558,4
43268,5
9615,4
19254,5
40664,3
50684,4
18953,4
2622,5
16358,5
14141,3
27251,5
11455,4
51863,2
25573,3
9276,3
52017,5
16780,4
11305,2
41634,4
53334,1
4921,4
3524,5
53161,5
53346,3
24734,4
26180,4
25777,3
28650,3
48635,4
20456,5
29697,5
23815,3
2951,5
30450,4
14250,5
50037,3
26339,3
26521,4
16330,3
30329,5
13406,3
14732,4
46606,4
39132,5
47897,5
14679,4
31646,5
19233,3
10712,3
37475,3
16678,3
29178,5
25375,4
48956,5
28803,4
41740,4
34448,4
47424,5
26030,5
41931,3
33878,4
48095,5
24552,3
26726,4
12849,4
42514,5
27028,5
37002,4
21966,5
1,4
21355,4
27941,4
26706,4
30442,4
50267,3
46986,1
23614,1
20943,2
5085,5
2788,4
712,5
20935,5
23606,5
20042,3
39812,4
42193,4
7430,4
21992,4
26424,4
42642,4
39532,3
30953,4
46779,4
9975,3
5267,4
43166,4
41639,4
49379,4
36714,3
39259,3
51936,4
38959,5
26910,5
11910,4
33987,4
168,5
9401,5
7388,4
9094,4
5275,3
5556,3
400,5
6984,4
45499,5
6167,5
28032,2
24324,2
32611,2
52032,4
16569,5
5749,4
49027,5
452,4
43628,4
44408,3
48629,3
10396,5
24506,3
24573,5
7637,4
18871,4
13962,4
44782,3
29318,1
1738,2
18408,3
18324,4
47362,4
16761,4
28171,4
1102,5
50649,5
17952,4
956,5
19998,4
45485,5
15767,3
8134,4
6107,4
28604,5
51224,1
11202,3
5304,3
50976,5
45582,5
23420,3
34252,3
33846,5
8947,5
24429,4
2292,3
2239,5
813,4
51597,5
5656,5
19868,3
40347,2
15191,4
51045,5
22321,4
19831,1
37583,4
5649,3
20138,5
21316,5
20814,4
21715,4
18219,3
44407,5
10975,5
22048,5
29130,5
7223,4
18704,4
3251,3
49675,4
22722,4
49733,2
31046,5
7693,4
17579,4
46644,5
33407,4
32759,4
26739,5
38394,5
35982,3
184,3
17012,2
47664,5
42608,3
5578,3
32500,4
31366,4
12462,3
21410,3
44733,4
22287,4
22119,1
12841,4
7869,3
41005,4
21086,5
15427,4
25473,4
46535,5
15748,3
39616,3
6742,4
1791,2
24335,5
40473,5
31939,3
24722,4
16210,2
48050,5
912,4
9771,5
4530,2
2270,2
53391,4
35648,2
18803,5
46106,5
35692,4
9026,3
48869,5
29183,1
52006,5
18545,3
48897,4
50581,4
15491,1
30820,4
3900,2
29488,3
48125,5
22546,1
25760,2
17264,1
17902,3
33357,1
47199,4
1608,1
21621,3
13609,1
41030,1
45934,5
20263,3
36382,5
6569,3
20683,1
32284,4
11957,3
52567,5
41282,5
38580,2
39091,2
23657,5
24087,5
42171,5
27935,5
27569,2
25742,1
19727,5
50120,5
36206,1
51554,3
12023,1
32860,1
15398,5
36485,5
6064,1
37968,3
48313,1
733,3
30040,2
8173,1
51443,4
31322,3
10057,4
44031,1
14097,2
26090,5
37242,4
35921,4
25311,5
28496,4
9885,4
9250,1
42319,5
26248,4
22186,5
46098,4
17039,1
42634,1
22260,3
8270,2
7711,2
30688,2
40932,3
42857,5
47763,2
12539,3
42485,4
24126,4
47513,3
19326,3
14138,1
17418,5
40572,4
51086,3
47849,3
10957,3
33123,3
14500,3
24585,4
7607,4
40108,4
32500,3
9487,5
37834,5
15830,5
32783,4
47317,3
49648,5
50021,5
17021,3
18618,5
52176,5
23680,4
53317,2
44223,4
38518,5
37941,2
43089,4
7874,2
33764,3
40561,5
27508,5
46626,4
36702,5
29353,5
19556,3
13607,4
35475,4
19138,2
7955,1
53018,4
2492,4
37177,5
38045,3
25267,4
17960,3
4806,3
1153,5
22789,3
2879,2
52746,3
31723,3
48675,4
31572,4
18139,3
35070,4
47764,3
7441,4
49939,4
31918,5
48275,5
39064,4
23411,3
9085,4
5533,3
51075,5
42488,5
51246,5
48323,4
33452,2
39183,5
52670,3
9610,4
26691,3
35792,1
3258,5
51207,3
50156,4
47246,2
6903,3
14406,1
9631,3
7479,3
21469,3
35114,3
15642,2
14933,4
7115,4
13081,3
12308,4
13874,3
17078,4
17551,4
13981,3
31064,5
40124,5
44697,2
24465,4
27762,4
19695,5
23794,5
24002,5
32860,1
41413,5
3804,3
25646,5
35060,5
7708,4
16843,3
26275,4
48878,4
28312,4
44371,5
46465,4
19438,4
9907,3
2642,5
26137,4
13082,5
42417,4
28577,4
48861,5
41477,4
34653,5
44311,5
43105,5
28690,5
19250,3
40789,4
31815,4
10029,3
19715,5
50132,5
49576,3
30461,5
11982,3
18418,3
50896,3
163,4
20177,3
32715,5
46815,4
47588,3
578,4
22309,5
7657,4
43818,2
9751,4
43952,5
48318,4
44464,4
6830,4
44726,3
22241,4
41696,5
25870,4
12752,2
12650,5
4990,5
16797,4
32293,4
8882,5
18052,5
28070,3
14178,3
9164,4
8879,5
8997,4
21968,2
46213,4
13016,5
29931,4
25368,5
25528,4
43636,5
39235,4
15314,4
22908,5
19697,5
6094,4
4439,2
48450,4
29308,5
12061,5
5193,5
34831,5
31793,5
5009,4
3838,3
24327,4
25901,5
43260,5
21735,4
26767,4
47318,3
36129,4
39927,5
11272,3
42433,5
8204,3
8391,1
25394,5
53422,4
35650,4
11265,5
13413,5
21607,5
22378,5
45284,4
30992,5
6056,5
44363,5
29001,5
44187,3
26555,5
35511,2
19317,4
32528,5
19907,5
42465,5
31523,4
22971,4
43005,5
18575,5
40792,4
27723,5
15536,3
26112,4
34063,4
37928,5
31973,5
10696,5
11782,2
20183,5
10338,3
7730,2
32806,4
45432,5
29449,4
49613,4
23533,5
44457,4
10821,5
48825,4
48403,3
29814,4
32921,4
43105,3
51170,5
27619,4
17220,3
10897,2
200,3
24927,3
11191,4
30767,5
10497,5
28736,5
45405,5
17902,5
23133,3
42781,5
40305,5
25264,5
43971,4
46363,4
19823,5
42210,4
6499,4
50659,5
41061,5
52884,4
24516,5
40609,5
26517,5
3787,4
8380,5
30979,4
41512,3
42258,3
5078,3
20783,5
44543,4
41746,3
25116,5
12036,5
25551,5
8180,4
21189,5
24833,4
37938,4
50398,4
21366,3
1497,4
1479,3
36511,5
33892,5
38607,5
27651,4
387,5
34390,4
46824,5
49647,5
38908,4
13347,3
48060,5
50839,4
28866,5
4650,5
20401,4
32302,5
22598,4
41910,4
2832,4
30015,5
29871,5
31986,5
37372,4
42858,5
7860,5
18755,3
7013,3
46501,5
3050,4
29149,5
13686,5
1340,3
19264,5
558,4
37597,5
25727,5
28844,2
14827,5
41239,4
47964,4
3248,5
18632,2
25724,5
41872,3
5784,4
548,5
2374,4
43907,5
42309,3
36200,4
43991,3
34411,3
21082,4
28731,5
42528,2
44412,4
48585,4
21994,4
3796,4
12765,5
43430,5
29678,4
4504,3
5315,3
48166,3
2584,3
1585,5
47120,4
22826,4
9855,4
23141,5
19792,5
27475,5
38899,4
22775,5
2707,5
19384,4
25619,5
17743,5
52912,5
25747,4
30679,5
1415,5
6362,4
4537,4
45806,5
30121,3
8658,4
33805,4
4804,4
3190,3
4856,4
42920,5
26983,5
24003,4
49632,4
47939,4
24888,3
33062,3
50056,4
41499,3
49756,3
18397,2
38809,4
37060,4
36851,4
11649,4
12609,3
33620,2
22497,2
3182,2
6299,5
48128,4
43016,3
44092,4
52390,5
39870,3
3456,5
31189,4
39729,4
2662,4
3304,2
22576,5
31964,2
27714,3
4030,4
47821,3
5175,4
7308,5
52165,2
38683,3
3486,5
22134,5
16753,5
11693,5
20596,5
46970,5
3666,4
11547,5
38283,5
45371,5
218,4
17404,4
16302,5
39904,5
34996,5
38204,4
11566,5
45974,4
7041,3
24591,5
38737,5
20088,4
13914,4
957,4
34091,4
49071,5
21033,4
27042,3
41729,5
40347,4
18240,2
26760,5
45549,5
35976,5
48400,5
30416,4
34870,5
23515,4
32834,5
17124,5
1186,3
35787,4
20709,4
34357,2
10862,5
16415,4
41191,1
21455,5
2552,4
51399,5
2207,4
41237,5
50754,5
19845,4
45536,4
44884,5
8929,4
5822,5
17064,5
30826,5
48754,4
20422,5
27127,5
1071,5
32748,5
20635,3
46019,5
37187,5
30138,5
1097,4
48054,5
6230,5
4687,5
5961,3
20174,4
41099,4
21095,5
32892,5
52549,5
3610,5
24082,5
49618,5
41926,4
20630,4
22692,5
43662,5
52458,2
13471,5
24875,5
30931,5
14116,5
28561,5
37160,5
32192,5
14114,4
17323,4
23870,5
42649,5
36580,3
27087,4
48439,4
1047,4
3211,2
5977,4
6367,1
39474,5
9063,5
21499,2
22255,4
22612,3
27771,2
51060,3
24247,5
2798,4
28767,3
19512,2
13437,4
2558,3
49029,4
36319,4
51939,4
8440,4
31989,3
22048,5
10871,3
13278,3
28252,5
24351,3
5031,5
42830,3
17703,5
41775,2
47351,3
19617,4
16348,2
24724,1
46167,5
574,2
30702,4
40103,3
6763,2
40272,2
1296,4
33718,2
38154,3
21256,4
51176,4
1971,4
23507,4
49723,4
39930,5
28332,4
36200,5
51853,2
19713,3
13009,1
41314,3
12260,5
14425,2
7481,5
44553,5
37910,3
9632,5
3584,3
48472,1
13091,3
10951,2
28826,5
49008,5
47406,5
13867,2
493,2
16192,3
31540,4
10380,1
36992,2
49263,4
32761,3
11053,3
37675,3
29348,4
25900,5
30385,4
7743,4
15523,4
45734,4
21887,4
22378,4
50715,5
40642,4
22240,5
21580,5
17841,4
47809,4
39908,3
40367,5
38760,5
26013,4
25435,3
9940,5
45955,4
23123,5
18221,4
46796,5
6473,3
16999,2
38574,4
46498,3
35595,4
50734,5
17483,3
41648,3
44113,5
12893,2
31211,3
21704,4
29998,5
4848,3
47353,4
28628,5
16376,5
25312,3
50163,5
48548,3
5034,4
52716,5
18501,4
40414,2
34173,2
46191,3
38321,4
5317,4
2789,3
12194,3
41642,4
41906,4
6150,5
5535,4
47453,5
22791,5
43399,3
19099,4
16761,4
48892,3
16177,2
4863,3
29944,5
12995,4
25426,5
12090,4
16369,3
45145,2
32360,5
29127,4
35122,4
29655,3
22170,5
34666,5
2917,5
33488,4
26316,1
687,5
19134,5
39207,5
37491,4
13550,4
46887,4
40704,5
6340,4
5757,4
24200,4
46762,3
3212,4
16100,4
43149,4
36312,4
24347,4
4383,3
46872,3
19945,4
4930,3
12643,5
17257,5
36875,5
38881,5
16424,4
34168,3
50259,4
47305,5
37306,4
21413,5
37348,5
51444,5
2865,2
40440,5
46810,5
7445,3
3029,4
1544,4
21269,4
49942,5
29485,4
23198,4
3841,5
40723,2
34252,4
16907,4
39303,3
46678,4
15575,4
12028,4
13746,4
48382,3
21341,5
51094,4
3046,5
8499,5
26208,4
36963,3
39989,3
45010,5
10876,3
13194,4
31418,5
21059,4
8566,4
6902,4
5147,5
40599,4
23436,3
9772,5
14381,3
8708,3
50993,5
31161,5
38072,5
20179,3
15505,5
21710,5
36456,4
5348,3
46334,3
4248,5
15225,4
25920,3
51785,3
13622,4
11080,3
24586,5
52214,3
25814,4
3490,4
9864,3
4725,4
48580,3
16054,3
34921,3
7433,5
3872,3
48664,4
46068,5
53089,5
46519,5
1537,3
3483,3
48881,5
5482,3
554,3
26601,5
47648,5
2751,5
6104,4
5953,4
20963,4
43328,4
5507,4
16551,3
10889,4
420,1
49211,4
6574,5
48472,5
15978,5
28495,3
32901,4
13159,5
2345,4
51134,4
14279,5
6169,3
41969,2
9785,4
35481,4
3422,4
49592,5
1323,3
49495,4
25744,4
38117,5
44076,5
37736,2
16889,4
41063,5
3597,5
38140,5
20024,4
5851,4
50572,5
52473,5
46576,5
45362,4
31226,5
13561,5
6372,3
4536,3
24326,5
44187,5
11949,4
8862,4
32513,3
10651,3
33384,3
24627,4
24817,5
8750,2
31404,4
12344,3
16131,5
44941,5
45706,4
24732,5
38420,5
50670,4
45248,5
1584,5
35334,3
40895,4
49644,5
4409,4
17548,3
50625,5
2824,3
2919,5
50403,2
49806,4
52065,5
12974,5
2060,5
13989,5
48391,5
16062,3
36585,4
22338,4
50101,5
51959,3
23308,4
43227,4
16382,4
15784,4
26649,3
4514,3
49529,4
13540,4
36373,4
3375,2
20274,4
28510,4
22676,4
15072,5
35742,5
29612,3
9871,4
45927,5
45848,5
35638,4
20789,4
11853,4
50274,2
23498,3
24535,4
17210,3
19109,3
25404,2
42124,5
6531,5
7036,4
13685,4
14178,5
44864,2
26654,5
32513,5
44698,5
11204,4
3519,5
5125,5
24120,3
17886,3
13504,4
34170,4
23874,3
14100,3
5383,3
51961,3
50467,5
19038,4
8217,5
25488,3
45880,1
9621,5
41838,5
46850,4
32719,3
32308,4
6890,5
40597,5
38896,4
38874,3
26300,4
13163,3
26538,5
22708,5
25539,4
8265,3
31387,3
30853,5
45285,5
38758,4
20233,5
17990,5
51002,3
5614,4
42717,4
26127,5
13185,4
38063,3
51199,5
36324,4
10819,4
45506,5
34942,4
5381,4
35399,2
18586,4
29912,4
35790,5
43369,4
12693,5
21266,1
22126,2
44106,4
7433,4
919,5
23920,5
16589,2
30186,3
28611,4
44494,5
319,5
27606,2
6791,4
424,3
33076,5
4342,5
318,2
15313,4
27537,4
47986,4
1458,4
44126,3
21172,4
2571,4
23762,3
52319,5
16320,3
328,4
37294,4
36254,4
46662,2
43535,5
24052,3
49869,5
2514,4
21661,4
46178,4
46301,3
51307,3
25619,5
10628,4
16709,4
37702,3
1542,4
13464,4
36381,4
48603,3
30427,4
45413,5
33992,3
1596,4
50407,3
27978,5
13555,5
47863,4
14784,4
1203,4
17377,4
22154,2
31762,4
2320,5
38395,3
8444,5
23338,5
24930,1
4797,4
3243,4
12972,4
24664,5
5768,3
31740,3
36737,4
392,5
11129,5
15114,2
35877,4
48382,5
40943,4
15704,4
18192,4
28688,3
20235,4
40536,5
36617,4
14603,1
16072,4
18378,2
34248,2
25432,5
9298,4
43078,3
40089,2
40746,1
10329,5
15005,3
14865,4
41473,5
29734,4
39221,4
39940,3
14099,3
8718,5
1547,5
3700,5
36643,4
24011,5
25226,5
38622,2
12644,4
18933,3
4852,5
18924,3
1449,3
7688,5
16049,5
17343,5
15359,4
7789,5
18195,3
989,4
14255,3
36148,4
28464,4
5624,4
6283,4
19753,4
18872,5
13741,5
13623,3
5009,4
30186,4
279,3
42484,5
43669,4
3362,4
14460,3
41042,4
46196,5
7754,5
21625,3
32383,5
17575,4
14510,4
48445,4
39272,1
40640,3
15578,4
5258,5
17440,4
29001,3
43255,3
28094,3
1354,4
1293,4
2480,1
9762,5
13240,5
400,4
16024,3
8286,4
23963,4
2558,4
19389,3
646,4
29199,4
1983,4
9065,5
5859,3
11844,5
803,2
4818,3
40275,3
4063,4
4876,2
5857,3
38930,4
21380,4
23644,5
5589,4
30195,3
17181,4
14373,4
21068,3
24857,4
31158,4
30412,5
42295,5
14398,5
37034,4
46424,5
6252,5
12724,4
3269,5
51597,4
42971,4
1497,4
37833,4
29269,4
22302,5
2876,5
1418,5
44246,4
48911,5
13339,3
27748,5
28561,4
43936,4
25669,4
5499,4
16153,3
48623,5
42329,4
43901,5
6443,5
22327,5
24637,4
4041,3
16761,4
25029,4
37360,4
48787,5
14624,4
48379,4
36000,3
7541,3
23386,4
49073,4
47374,5
3783,4
2901,4
10786,5
3969,3
45635,4
30117,3
19763,5
48622,4
50381,5
48123,5
4235,5
23807,5
45834,4
5896,5
14742,5
26523,4
39498,5
15171,4
23050,4
50647,4
10745,3
50701,3
30508,4
44091,5
3599,4
44741,5
36860,5
12443,4
9692,4
52051,5
43948,5
20354,4
20210,4
33447,5
38753,4
21500,3
51917,4
12652,4
28247,5
8501,4
43372,3
3859,5
22953,5
26651,4
16635,4
9706,5
32596,5
38896,5
9704,5
1688,5
46653,5
50091,4
10331,4
49503,5
49242,4
20104,3
46369,4
15480,5
48211,5
22765,5
27291,5
12905,5
803,3
36752,5
15760,5
30427,4
23725,4
26600,3
29320,4
52905,4
38820,4
51890,4
15954,5
446,3
52131,3
28818,5
13171,5
27009,5
31868,5
1321,5
36162,5
47270,4
24096,4
600,4
16783,4
21994,3
46805,5
21400,5
24101,4
17994,5
27665,5
12181,4
10294,3
8390,4
31343,3
18221,5
17944,5
53031,4
1578,4
42361,5
22574,5
10838,3
53032,3
2273,4
34782,5
27373,5
35830,5
50285,3
53255,5
4121,3
17809,5
13215,4
39088,5
17396,5
6114,5
9465,5
5591,3
30925,4
16104,5
42517,5
15629,4
45905,5
10938,4
8070,3
11266,5
13308,3
12340,4
7093,4
23720,5
46350,5
19878,3
30998,4
19503,3
31536,5
22330,5
20040,3
1218,5
41230,4
34985,5
13893,4
19479,5
44631,3
10391,3
34197,3
48617,5
34270,2
3981,4
44896,5
12506,4
30907,3
14866,3
4400,2
9762,5
34252,4
42730,4
22704,4
48218,5
8448,4
2493,2
5331,5
36340,4
43100,5
24567,5
36241,4
47182,5
44306,2
44086,4
45183,1
25555,3
51670,3
27220,5
10636,3
30303,5
8322,3
17482,2
11750,2
44353,5
37347,2
15153,3
38262,4
20492,4
52656,5
22917,1
36001,5
4808,4
25902,1
51475,5
8108,2
14023,2
9064,3
10393,4
50423,4
42177,3
19194,5
12005,5
43182,2
11992,5
14225,1
22393,1
36273,3
24982,2
30464,2
1967,2
9472,4
12914,5
36681,3
37630,3
41833,5
968,2
31782,4
23985,4
11818,3
16121,5
25340,5
41276,5
34004,3
4768,4
44303,5
4841,4
37833,4
25031,3
6259,5
3246,4
22456,1
47665,3
3857,1
8332,4
46726,2
23786,3
11970,4
3985,5
6423,4
9258,2
5326,4
45958,2
43732,4
35674,3
36939,3
13157,2
43176,3
119,4
15421,5
15897,2
16522,1
15023,5
18184,3
20038,5
11305,1
5270,3
49405,2
30885,1
48140,4
45419,2
42396,1
5637,5
31265,2
38627,3
10017,2
39969,5
19509,3
25891,4
35592,3
11741,5
8547,3
15015,4
31936,5
17799,3
16048,2
45826,5
30594,5
13097,3
23939,5
18200,5
45855,3
6859,5
16660,5
26603,3
51940,5
6230,4
30880,3
18696,3
28752,5
16770,5
40385,5
12858,5
26216,5
2821,5
27468,4
10936,5
14707,3
8150,3
2384,3
51948,4
5193,4
6102,4
19921,5
27297,3
32089,5
25593,5
21736,4
6239,5
34755,4
4652,5
38012,5
436,3
42724,5
15325,4
3075,4
3805,3
48601,5
1729,5
2599,5
6990,3
22882,3
7442,5
7839,4
33782,4
11010,5
39425,4
24647,5
2811,5
610,4
8589,5
32560,5
35171,4
44573,5
8507,3
45906,4
50949,5
43392,5
11560,5
15527,4
34991,5
24826,2
47718,3
20672,4
36221,5
32653,3
36633,4
6927,5
45965,5
50559,5
15357,5
12095,5
35887,5
35494,4
50567,5
39742,5
44189,3
8040,3
32598,3
13977,5
41493,5
47213,5
9217,5
23091,5
28938,4
17512,5
49175,1
32906,4
8432,5
10941,5
17565,4
33619,3
41544,4
37692,2
23009,1
33771,5
52080,2
14166,5
51158,5
50316,4
53195,5
50163,5
32918,5
36579,4
45080,3
23930,3
36721,5
19451,5
26040,4
46992,3
6912,5
23497,4
10202,3
3913,5
43012,3
18591,5
29510,5
19028,3
34800,4
26117,4
40013,5
28975,2
34454,4
46473,5
4599,4
38511,5
52020,3
15485,4
5572,2
37642,3
8914,5
12827,5
460,4
18162,4
811,5
20746,4
30764,3
25911,5
38824,3
36088,3
44732,5
45909,5
14508,4
45576,3
16404,4
10911,4
39939,1
49437,5
31811,4
647,4
24940,4
32587,4
615,3
28675,2
19850,5
38911,1
10535,5
12094,3
8750,5
18636,5
43417,1
8677,4
17042,4
36716,2
1187,3
15135,2
16050,1
4936,3
28895,1
48609,5
22748,3
7004,2
23198,2
7579,4
32932,3
44264,3
8648,4
45563,4
41809,3
43963,2
37900,4
1033,3
52885,4
37405,1
52613,3
9907,4
28035,3
44369,2
19615,4
22057,4
11980,3
10475,2
10722,5
28817,5
30788,2
49998,2
7304,4
46211,1
32243,5
39096,4
42643,3
14855,2
28568,3
28413,4
19119,3
19200,3
15327,5
5205,4
31556,2
6362,4
46126,5
9971,5
14336,3
18408,4
26851,4
26340,4
5271,2
10256,5
15194,1
5155,1
23074,4
46973,5
7632,1
29954,4
30587,2
24141,3
11473,4
16873,2
42397,5
10370,4
1910,4
12991,4
24180,5
48435,3
37982,4
18703,4
4213,2
4048,4
34222,5
31043,5
27033,5
12729,5
3868,1
26315,4
53293,5
13351,3
8226,3
38901,5
34659,3
7929,3
31577,5
7474,4
25890,5
38932,2
31409,5
35161,5
45733,3
9108,1
29682,1
47388,5
7592,2
32728,4
52215,2
36868,4
42010,5
31957,4
49752,5
4769,4
1697,3
51660,3
18040,2
43404,5
12327,4
31656,4
44096,2
8753,5
34609,2
31672,5
49372,1
15136,2
27613,1
25535,2
36437,5
49627,4
23700,3
8558,3
6602,1
30316,4
38521,3
12601,3
27894,4
7586,3
12216,4
45131,5
46459,5
35196,3
37270,3
23828,4
51109,4
52366,4
28891,2
39315,2
34954,2
17804,3
15490,3
23678,3
46223,3
16488,5
18379,5
29678,4
16888,5
7048,4
47784,5
36142,5
2990,4
8083,5
34472,5
10297,4
1138,5
10579,4
29128,4
36034,4
28157,5
40868,3
50002,5
21472,5
51464,5
44647,5
51652,4
15180,4
17398,2
35505,5
21458,5
17072,4
10981,3
41709,5
42751,3
32021,4
46440,3
24369,3
6192,5
4080,5
12045,3
35636,3
13513,2
34961,4
16795,4
13407,3
41343,5
34027,5
29932,1
33203,5
9022,4
680,4
21868,5
43223,5
765,5
39793,4
5662,4
10894,4
31823,4
48622,5
38829,4
47998,3
33102,4
18121,5
38715,5
8714,4
22807,4
25668,5
9409,5
1541,5
51538,4
19231,5
38160,5
18045,3
40991,5
21431,4
9535,5
15826,4
29757,3
43598,4
52266,4
26342,3
53269,5
12539,4
7923,5
40158,4
36894,2
36011,5
31247,4
28513,5
17712,3
2193,5
744,4
11885,2
14270,4
35399,4
12458,5
47335,5
10399,5
27370,3
19453,5
29686,3
31838,4
13197,2
3137,3
52882,2
28832,4
21340,4
12437,4
3132,4
2094,4
4390,4
27999,3
9856,4
25739,4
11644,5
4762,3
24027,3
18218,5
35402,5
21540,4
12622,4
26860,5
29610,4
5307,3
48811,4
24131,4
41403,4
34574,5
15303,4
16283,4
10559,5
49020,5
1877,5
22014,5
11874,5
52054,4
510,3
27307,2
41643,5
40360,5
50259,3
12419,5
46214,5
4232,3
26623,3
29651,3
52809,4
18443,5
1255,3
12354,4
50498,4
13885,3
26942,4
23667,5
10806,4
26709,3
12200,2
37400,4
7871,1
2324,5
42572,4
32041,4
24542,5
29403,2
17079,3
1208,2
24723,2
3343,4
44036,5
11031,5
31,4
45704,3
52196,3
8885,4
8810,3
303,4
32664,3
8481,4
26430,4
45998,5
22068,3
16235,4
44818,3
3033,5
11701,3
12944,3
41221,4
30779,3
28071,4
9700,3
26879,5
31051,4
37707,5
16964,4
12486,4
1652,5
48407,4
37208,4
42205,5
23411,1
45809,3
6496,3
32036,5
3904,5
38232,3
10437,3
11311,5
30932,2
28147,5
42617,1
30775,3
42240,2
7633,4
25191,5
2339,4
34634,1
29206,5
17813,5
6247,1
21473,3
22962,1
45218,3
29501,4
2536,3
4074,3
15047,5
19640,2
41369,3
52759,3
4598,3
39590,3
46650,5
46208,3
15350,5
42372,1
51182,3
10633,3
16176,1
40886,4
26603,2
21366,3
7448,4
24358,4
48972,2
18338,3
26519,4
33576,1
49191,4
40067,1
15287,4
34967,4
44191,5
49299,3
3797,5
49006,3
21735,2
22084,3
51201,4
23610,3
41437,5
13786,2
3449,5
38524,4
40765,5
12732,4
30591,5
2782,4
37625,2
51324,3
6736,5
9360,4
2522,4
8003,3
16960,4
40494,2
3124,4
29752,3
229,3
18736,3
26541,4
4979,4
38896,5
40148,3
23409,3
2707,3
31470,3
10441,5
4465,3
13960,5
39639,4
17071,2
18353,3
35795,4
16445,3
32305,4
44989,4
13210,5
2251,3
18302,4
35104,4
26711,4
32751,5
51818,4
30160,3
33603,5
39782,4
30199,4
25873,4
16746,5
19975,5
21851,4
12362,5
7817,5
4471,4
49988,4
50963,3
38405,5
18653,3
38339,3
33124,4
539,3
8401,4
11606,4
21545,4
19999,4
30803,3
19504,3
2352,3
3036,4
28066,5
52032,3
42203,3
31973,4
40708,4
3588,4
40761,3
12095,3
50848,5
33644,4
42234,4
46974,5
9410,4
43429,5
27099,3
17105,3
19857,5
17479,4
16963,4
26053,3
14969,2
37733,2
43850,3
9306,5
28043,4
9804,5
22160,5
21341,5
1919,3
19649,3
39021,5
19532,5
19777,4
8982,5
8449,3
1711,4
47030,4
4562,4
47235,4
46758,5
30062,5
24980,4
29293,4
19482,4
5551,4
9019,5
34079,4
27800,3
6405,4
14207,5
23423,3
50517,3
20225,2
27344,4
45423,3
5712,2
44527,2
35108,5
29526,5
3507,4
2436,2
3328,5
6647,2
25822,5
18515,5
37035,4
53088,4
13483,5
37750,4
28692,5
31901,5
40045,4
38005,4
38859,4
35895,3
27417,4
10189,4
31986,4
564,3
9685,4
36854,4
5228,5
28265,5
27158,5
9785,5
48317,4
29621,3
22563,4
20090,4
35400,4
15106,5
29018,5
48695,3
36771,2
25521,5
411,2
26222,4
31823,3
31343,3
14370,5
10316,5
10027,5
20487,5
8548,4
38999,4
33022,3
38258,4
5141,5
43924,2
1138,5
33471,5
38238,4
26276,1
30309,5
2039,5
21982,4
14672,4
23233,3
35131,4
27483,3
38203,5
40798,5
11182,4
43824,3
37622,5
6547,5
513,5
31763,3
24519,3
13592,2
4199,4
34443,4
7661,5
44147,2
3658,3
12624,5
7722,3
27663,4
53163,3
8108,3
9257,5
31641,5
33048,4
31448,4
20999,3
34980,5
11468,2
23227,5
28530,5
37150,5
11415,3
24857,4
26184,2
11977,3
22168,4
40666,5
48962,4
840,4
11383,4
21251,4
1893,3
31107,5
42673,2
35739,5
42323,5
3084,4
18380,5
4204,5
10754,3
5228,4
48415,3
43392,5
1088,5
21983,5
6836,4
25842,5
205,4
38629,5
37957,4
31605,3
12530,4
11024,3
28466,3
16476,4
49830,5
41878,2
38804,3
45225,4
34924,5
44590,5
44122,3
52743,3
45601,4
34919,5
41402,4
32625,3
5115,4
14633,4
10260,4
8085,4
24533,4
30977,4
41975,4
13082,5
51407,4
10397,3
7209,5
27426,5
29731,3
23109,3
13777,5
13302,5
14909,5
5037,4
48948,3
50638,5
16384,4
45358,4
5919,3
4357,4
47175,4
48018,3
16661,2
9867,3
2614,4
4709,4
11806,3
28202,5
2487,4
41130,4
3243,3
21477,5
43378,3
52986,4
11904,5
50395,1
41400,5
13736,5
25009,3
38821,5
25171,5
3392,4
37489,5
25849,4
31046,3
50633,3
8337,3
43146,3
9700,3
16235,4
38404,1
37834,4
25747,3
38873,4
23912,3
9113,3
46925,5
39561,5
24003,4
8879,5
45772,5
46315,3
20268,4
11184,4
27195,4
19073,2
42625,5
49110,5
810,3
27687,5
21728,4
2072,3
37279,5
52510,3
16369,4
21341,5
39564,5
25959,2
35819,3
18782,4
32877,5
13846,3
22568,3
51644,5
24547,5
26122,5
53105,4
42370,2
27232,3
32709,4
16274,3
43055,3
43370,5
18309,5
7168,2
888,4
5593,3
5238,4
933,4
43468,3
7688,4
13438,2
8868,4
248,4
37369,5
4083,4
10696,3
37710,5
21811,2
33868,5
9382,2
26455,3
25083,4
50061,4
38317,5
48493,4
52977,4
46025,2
49054,4
48695,4
14028,4
17808,4
19048,3
13669,3
35455,4
48719,4
27007,4
373,4
29295,3
14401,4
48872,3
20761,5
36842,4
15440,4
42847,4
47394,5
46285,3
16963,4
22926,3
9276,4
17813,4
45098,5
7643,4
22733,4
11323,2
6538,4
49009,3
21879,3
19434,4
23209,3
28465,4
7885,5
30554,4
23325,5
36717,4
34139,3
6603,4
14747,5
53391,3
21198,2
19237,2
21967,4
28348,5
47158,3
34144,3
18116,4
36196,3
43652,2
17056,2
49944,3
7859,5
6186,3
30808,3
51595,3
18208,4
8968,3
22203,4
13455,4
49003,5
31298,3
3210,3
51906,3
53341,5
48257,3
22046,1
11154,3
16772,4
43020,2
50183,5
9603,4
49768,4
14278,4
41292,3
20902,1
7458,4
7319,3
51148,4
760,4
52772,2
11263,4
13443,5
4110,4
27558,4
27080,4
48283,4
44006,5
2126,4
15166,3
4315,4
38858,5
21062,4
41875,3
40225,5
17761,3
47303,4
32006,4
9785,3
1201,4
28317,5
18315,5
50839,4
3263,5
38525,3
46002,3
52299,3
50013,5
51760,5
20738,5
52682,4
29800,4
40711,5
47470,4
23679,4
43071,3
26458,4
46737,4
13625,3
12726,5
14733,4
46682,4
47244,4
21218,4
13565,4
24571,4
5115,3
35035,5
8535,3
41912,2
40757,5
29294,4
43035,5
21684,4
23768,4
33713,3
321,4
45361,3
37830,4
36033,4
47526,3
34900,4
8286,3
40820,3
9613,5
40461,4
11763,5
34411,5
31134,5
37464,1
49635,1
13793,5
31721,2
38343,5
49370,4
35564,2
23424,2
42063,3
12181,4
39119,1
20592,5
33090,4
26775,5
44681,4
13127,4
47775,4
30425,5
23735,5
45472,4
45802,4
33096,4
15802,4
52667,5
40667,3
25873,3
43721,5
18256,4
31107,5
28432,1
46838,3
33077,1
21598,5
46475,1
26332,4
15434,5
18805,1
17578,4
19711,1
3916,2
27205,4
7611,5
29253,4
23535,5
39569,3
6122,3
12125,4
14688,2
21625,4
52604,5
39113,5
13189,5
42960,5
46195,5
9737,2
42750,3
51561,1
38348,5
40660,3
16730,4
929,4
2669,4
52262,2
33099,4
41896,5
32740,1
50796,4
45122,5
13556,3
30337,5
11865,4
51792,4
24386,3
37941,4
44276,3
34252,4
32679,2
6772,4
9021,2
46959,4
42045,5
41369,5
40070,5
18734,3
19274,4
27516,4
33480,3
34249,3
10799,4
38961,3
6958,5
40820,4
43375,4
12358,4
42856,3
40810,3
10694,4
13710,5
26014,5
34998,3
40571,3
22856,3
25530,4
34918,5
27311,4
28043,3
45219,3
9340,4
37541,5
42203,4
26984,1
3123,4
38882,5
17018,5
27800,5
5852,5
52127,5
41851,3
30663,2
36807,4
33501,5
31923,3
32486,4
25203,4
11637,4
33719,3
42901,2
2543,3
5324,4
21985,5
1998,3
31532,5
2214,5
49654,5
37722,4
4238,1
53201,4
53407,3
35715,2
15802,2
28616,4
32533,5
16884,4
12122,4
33603,4
30660,3
20876,5
10758,4
40392,2
14349,4
22505,3
8674,5
26654,5
45974,3
31081,5
19944,5
40318,5
18581,3
20399,5
6249,2
17717,3
37793,5
43429,5
33865,4
29541,5
19026,3
38922,4
37748,5
45281,5
10001,1
1066,2
21598,3
23722,2
45585,5
22224,2
10586,5
52606,3
26764,3
19828,3
9941,1
38061,4
39892,3
51421,3
51691,5
28767,4
28436,5
23831,4
6243,3
27618,5
12490,3
9036,4
5415,4
22108,4
44151,4
25077,3
26942,5
19111,4
39045,5
37962,4
46743,5
23945,5
18041,5
52733,3
937,3
48276,4
31651,5
53027,5
2394,3
41191,5
13035,4
43942,4
22732,5
28122,4
3830,3
36909,5
25710,3
42167,4
7428,5
24225,5
39520,5
5523,4
4082,2
44386,4
49649,4
34488,3
34533,4
41392,5
9226,5
43803,4
4063,4
43034,4
25431,5
46300,5
12266,4
33718,4
35843,4
16165,1
22613,3
32314,5
5245,5
31249,4
50462,3
49415,3
40780,5
26586,5
35855,3
18804,4
19623,4
2253,4
45410,3
31895,4
8787,2
5428,1
15797,3
49668,5
38224,3
28880,5
36594,3
40233,4
25102,5
37937,4
9411,2
15621,4
25717,5
41216,5
49572,3
32290,5
45619,4
19226,5
69,5
6606,5
6114,2
8863,5
50086,4
38321,3
22219,1
34661,5
13282,5
4218,5
19780,5
52289,4
41263,5
13622,5
31486,5
39841,5
21670,4
16192,4
45735,3
13112,5
14617,5
231,5
22913,3
24828,5
34185,5
38432,5
39900,1
25752,3
17055,5
32739,4
15206,5
27664,5
23031,5
15817,5
33559,3
899,3
24310,2
751,5
8010,5
8843,5
22644,5
12474,1
2895,5
14769,5
34803,4
37497,4
51853,3
49410,4
19981,3
237,5
27886,4
23540,4
7970,5
5047,4
28284,5
17251,4
36989,4
17176,5
42642,5
8667,3
32084,5
2127,5
40060,5
50399,3
14516,4
35748,4
31915,4
28718,5
9264,5
41129,5
38695,5
19831,5
331,4
48527,4
13895,5
23119,4
28211,3
34531,5
20841,4
9740,5
40632,3
21463,4
3922,5
43619,5
8027,3
45824,4
12326,5
46681,4
4887,4
52633,2
22983,3
21925,5
42204,5
50272,4
5556,4
27024,4
27626,1
46044,3
6786,5
13666,4
49741,4
25383,2
18708,5
34932,4
12838,5
31953,3
40453,4
11006,3
2624,4
23657,4
48524,4
49219,3
35850,5
50606,4
53249,3
11945,5
2260,3
31740,3
33293,4
7381,4
34791,4
45589,4
36244,5
676,4
20134,5
27360,4
11554,4
48670,5
34438,4
10419,5
51303,3
38652,4
24396,3
48685,5
38335,5
12676,4
892,5
31201,5
29921,5
45583,3
20585,3
29749,4
28018,4
49450,5
32461,3
7986,5
17527,5
36041,4
5095,4
52366,4
18280,4
17930,4
44328,5
2057,5
37435,5
21796,4
40773,5
5563,4
14618,3
44927,4
40701,5
42983,4
17664,5
47593,5
15925,3
2338,3
39415,4
51628,4
40293,3
52966,2
52806,5
28057,4
21319,4
40162,3
5533,3
42527,4
14833,3
12906,5
39938,2
30094,4
38330,5
35570,1
36365,4
18365,5
46683,3
15549,4
5526,3
2790,4
14516,4
35744,3
3170,4
11545,4
15636,4
6226,5
5507,5
11031,3
51850,5
11142,3
32331,3
2353,4
24373,5
29054,3
14390,4
9383,3
53022,5
1714,4
45378,5
28891,4
27697,5
19420,5
17508,5
44575,4
33504,3
42232,2
51128,5
41325,5
47134,3
23887,5
49825,5
36845,4
50066,4
19789,4
47538,5
52437,3
46608,2
26286,3
25690,3
15098,3
22993,4
23198,3
35595,5
17215,4
25246,5
3644,5
31780,4
48595,5
7666,4
30757,5
40676,5
32453,4
9947,3
50547,1
22925,2
52482,5
6098,1
13915,5
2293,5
24461,5
42241,3
8772,4
35829,5
1896,4
3851,3
29111,4
16558,5
39998,3
8271,4
15793,3
11950,4
16989,2
38876,2
21143,5
23151,4
38576,5
51789,4
22736,4
48340,2
10652,4
22808,4
38611,5
37223,3
38626,4
46616,5
49010,4
2526,5
43147,4
19455,5
24701,5
30976,3
12129,2
45105,5
13440,5
33599,5
44469,4
25090,4
21967,3
38791,4
27691,4
52065,5
32291,5
39601,4
9738,4
41718,3
22962,4
29166,4
10554,3
26382,2
31866,5
29498,3
34390,3
52527,2
13624,4
39014,4
9262,4
20976,5
10373,4
22397,4
8722,4
43896,5
38399,5
42261,5
32006,5
49641,5
8205,5
26250,3
24678,4
45818,5
44211,4
33572,3
18245,5
18450,3
5777,4
51522,5
10925,4
38703,3
36950,5
23490,5
19751,5
43047,5
12185,3
10235,5
40460,2
13218,5
20196,5
26942,5
21945,3
6861,5
12260,2
19914,3
36377,3
41093,5
21705,5
5489,4
8675,5
8260,5
6461,5
39598,4
50574,3
23737,5
32331,5
3753,4
11555,4
26805,4
7509,4
4619,3
1733,4
18838,4
28828,5
20001,4
15595,3
26845,4
38248,5
12202,5
25743,3
36007,3
32986,5
11641,2
13426,5
4867,4
5324,5
52563,4
26245,4
8698,3
44261,3
5068,5
23935,3
42373,4
27219,2
11257,1
3709,5
14174,4
46236,4
3942,5
26927,5
35634,5
44349,4
17746,2
31118,4
44177,4
38696,3
22651,4
22986,3
51222,3
13169,5
23757,4
47234,5
33860,3
13815,3
50326,4
13490,4
47122,4
9193,3
14267,4
28262,5
15672,4
10364,5
33797,4
21584,4
28571,5
22540,5
16024,5
14465,5
28866,3
45097,4
12133,5
39741,3
15912,3
32024,3
34357,2
41228,3
52537,3
17858,3
30061,4
220,3
51826,3
9714,4
43172,4
30886,5
14481,3
10951,1
52844,3
26704,4
900,4
22120,4
18603,3
22149,4
53114,5
50337,4
12654,3
12033,3
24581,4
8325,5
4620,2
41451,4
30824,4
23182,2
34618,4
34427,3
26839,3
48287,5
1890,4
52091,5
2589,4
1827,4
8988,4
3580,2
42743,4
15535,2
5982,5
31082,1
22553,5
15383,4
32017,5
17596,3
30901,5
50664,4
3250,3
31396,4
14213,5
45083,4
8468,5
5186,3
23736,2
4880,5
21865,4
15650,5
1821,3
11428,5
13896,4
38716,5
22332,5
33948,5
35096,5
36278,3
10309,4
31389,5
12681,3
10910,5
27719,4
43482,3
49052,5
17131,3
45437,3
26114,4
41468,3
3395,5
11162,5
46406,4
49774,5
33692,5
17587,3
30692,3
43199,4
30547,3
8008,4
48665,5
36012,5
35032,5
19652,3
27035,3
27555,4
42851,4
28872,5
53423,3
29255,4
28688,5
39009,3
37549,5
46123,4
21414,5
7134,3
50348,5
14696,5
9209,5
15121,2
3955,4
21171,4
13622,3
9194,4
30863,4
47795,4
28477,3
9225,5
21541,4
41995,5
10587,4
32371,4
39709,5
41236,3
9540,5
32090,5
27703,4
53198,5
12016,5
12348,3
45301,5
10249,5
2712,3
9525,3
41677,3
34904,3
41286,3
40961,2
51817,3
43395,5
16090,4
51022,2
50083,5
33238,3
3086,4
52072,5
22727,3
46901,5
21345,2
11073,3
10256,2
43703,4
51081,1
38307,2
15248,5
38805,4
24295,4
5384,5
48297,1
30011,4
3337,3
6896,2
8117,1
44924,5
30711,4
22822,1
36955,5
3126,3
4955,4
29440,3
6277,3
30310,3
29351,4
12902,3
5447,2
46271,4
44764,3
10146,3
21078,3
11727,4
8343,3
29373,4
22635,4
50643,4
8033,2
11131,5
26597,4
36412,3
18727,4
45924,4
36669,5
24249,5
14228,4
15495,2
11906,3
22407,4
23285,3
1960,3
43770,5
14408,3
52158,5
45422,2
34101,5
17749,4
37649,5
29877,5
51914,3
47726,4
31302,5
52858,3
6652,3
51013,3
6275,3
39575,5
30192,4
51441,3
2833,4
46594,3
30610,3
42616,5
36625,5
43259,4
16419,2
528,5
40317,2
2998,5
32688,5
4132,4
6115,4
45874,4
22675,4
40588,5
7821,5
6254,3
52884,4
1719,4
44622,4
31584,5
11909,2
4252,5
8843,5
17476,4
37862,2
20847,3
40817,4
51577,1
40221,4
19227,5
50020,2
51906,3
46187,4
35855,4
2659,3
26867,4
27912,4
1283,4
42619,5
16275,4
7250,4
14553,3
14755,1
32402,3
15354,5
52284,4
27556,5
11501,3
23121,4
27691,4
36516,5
1838,4
1035,2
50729,4
18097,5
33898,3
7246,2
3262,2
5993,4
956,4
24073,5
48530,3
33449,3
2644,3
6432,4
13701,5
17290,3
12395,5
27409,5
41499,4
21355,3
18496,5
19003,5
6405,3
28877,5
33079,5
47737,3
4028,5
50308,4
47526,2
20814,5
29086,5
13406,1
48291,5
16008,3
27939,5
24281,4
14839,5
17423,5
40082,4
44206,4
25925,4
5902,5
31040,4
34472,2
19109,5
32206,4
4981,4
18803,3
52089,4
42574,3
17964,3
39319,1
40194,3
53385,5
35596,4
17091,4
8181,5
36291,5
46271,4
712,5
6071,5
2575,5
19153,4
34859,2
26256,4
24865,5
19655,3
27085,3
24870,3
18130,4
18069,3
28540,4
7623,4
33062,4
20477,5
35113,5
28376,3
16042,5
3596,4
37489,4
11867,5
32972,3
48956,3
8868,1
3346,4
32743,4
2255,4
2005,4
42099,4
10489,4
44103,5
26958,3
8168,3
27431,2
26266,4
35728,5
12279,4
5603,4
40108,3
16842,3
7238,4
50471,2
17415,3
7186,5
25921,2
44648,5
107,4
13731,3
13125,3
11244,3
47346,4
30420,5
52922,5
1890,2
19488,5
51560,4
50260,3
29713,1
43355,4
21543,3
30621,3
39346,5
33395,4
50893,5
52681,3
34102,5
9199,4
34333,3
4968,3
24677,3
17277,3
4407,5
22669,5
32236,4
43636,4
16985,4
19282,4
30590,4
13948,4
38911,4
47220,3
10414,3
12456,4
19768,5
40102,5
23976,4
3490,5
28894,3
37693,5
20584,3
6514,2
10076,3
16911,4
10656,3
12082,2
30253,4
24772,3
46345,4
22277,4
10466,3
11885,2
48472,3
48165,2
32142,2
14293,2
14088,5
8057,5
12168,2
4907,3
8458,3
44427,2
5562,3
10081,3
38780,5
2063,2
37550,2
20925,3
12683,5
28080,2
11736,2
9063,5
36313,4
15603,3
2928,2
22595,3
30441,5
13586,3
32642,3
36241,3
27905,3
4958,3
51325,3
15228,5
2933,3
15817,4
15228,3
5349,3
12911,3
28805,3
8051,2
36570,3
10202,1
5736,5
52579,5
42327,5
47134,1
17398,5
13601,1
33795,3
32194,4
24770,3
12785,5
13669,4
3802,3
5226,3
28042,5
22223,4
14985,4
27304,4
25649,5
26623,4
20009,4
52563,4
18872,4
12099,5
50661,5
34227,3
27499,3
10302,4
19032,3
23334,2
42731,4
16502,4
14769,5
26781,3
8298,4
17037,2
819,4
36099,5
51302,5
47502,3
4729,4
10703,5
5034,3
10069,5
12258,5
8606,5
10632,4
41300,2
39945,5
45377,5
32989,4
15199,3
28317,5
13194,3
6762,5
16091,4
41648,4
52015,5
23432,5
25086,4
6868,4
30888,3
16394,4
23540,5
28950,5
15797,3
39210,5
35786,5
30608,3
26643,3
50905,4
846,3
51890,1
27499,5
46114,5
15590,5
23309,4
48553,5
1557,3
50354,3
34814,5
8440,4
13954,3
40457,5
4873,3
41735,4
3613,4
20946,5
19146,4
46447,5
46553,5
33181,4
17943,5
12395,4
42031,4
815,5
7903,4
49000,5
52555,2
18331,5
27150,4
16898,5
10464,2
51385,5
43742,5
42307,5
31453,5
31901,4
44668,4
7181,5
49747,4
42247,5
41994,5
13121,3
5626,2
51542,5
27311,5
10378,4
14257,4
51239,5
35554,5
45571,5
51163,5
10757,4
35961,5
50458,4
20235,5
42657,4
43531,4
8291,4
51660,3
17021,4
30969,4
4875,4
1327,5
27963,4
6261,5
43646,4
38284,5
37702,4
27230,5
29966,5
21337,4
34661,4
18294,4
29595,4
222,3
52228,4
37470,4
33227,4
42819,5
3766,5
9246,4
6887,4
34865,4
4766,4
2021,5
26792,5
20785,3
2395,4
5203,5
2679,5
28888,5
28969,5
12,3
4761,4
11577,4
50417,5
34407,4
39638,4
5798,4
41340,4
14969,4
22778,5
48340,4
29139,5
5629,2
2265,5
29196,2
9143,4
12066,4
31117,5
29832,5
5567,4
28159,4
13541,4
37509,4
51661,5
10800,4
8215,5
9597,2
34440,4
49589,5
26631,4
42647,4
31906,5
12640,3
21256,5
16056,5
35509,4
52475,4
18844,5
47211,3
7711,4
9755,4
51778,4
48327,4
34173,4
8230,2
38701,5
9863,3
5687,5
48836,2
18202,3
18957,3
18899,2
11903,3
12496,4
19222,5
157,4
22938,3
34484,4
33034,4
7811,1
5683,3
10808,3
2761,4
3471,5
46447,5
16902,3
52106,4
33205,5
24437,2
51365,4
19658,3
10011,3
35729,4
12978,3
8851,4
44395,4
31767,3
15912,4
20741,5
33918,5
588,3
8900,5
28826,3
33715,4
48463,5
53154,5
11150,5
43104,4
11462,5
4478,2
50749,5
52674,4
11244,3
37277,5
36564,4
4315,5
44568,4
27032,3
42282,5
24632,4
9449,4
13852,2
4848,4
31677,5
9382,2
7155,3
49761,5
49326,3
5631,4
22274,4
36086,3
41949,3
420,2
8299,5
24812,4
21401,4
10672,3
36346,4
6666,5
9354,3
36954,2
27478,3
38009,3
21641,2
35830,5
28525,5
9409,4
12799,5
1891,3
40424,1
42522,3
8305,4
31617,5
38249,2
20584,4
52993,3
16958,5
7211,4
27361,5
23882,5
47201,5
34526,4
13406,2
7489,3
40106,4
46438,5
51206,4
44916,3
19453,4
15669,3
48133,5
11325,3
52397,4
11450,4
50721,4
21690,2
16136,3
53092,4
35129,3
22199,3
16740,4
21106,4
44096,5
3060,3
11339,4
15060,4
3610,4
41888,3
52304,4
8189,3
42131,4
40315,4
32093,4
40530,5
16223,4
31123,2
29066,4
35236,4
8723,3
31650,4
4556,3
50199,3
33758,4
35960,5
41968,4
10405,2
52091,4
52708,4
714,4
32889,5
5350,4
34011,5
31158,5
42970,4
48432,5
30657,3
43700,3
15039,5
21196,5
37048,4
7305,5
22139,3
299,4
48929,5
27687,4
43320,5
28347,5
46642,5
8999,5
2209,3
36433,3
5061,5
35848,3
39453,5
25327,5
41808,5
8815,4
13661,4
24377,4
53070,4
18802,5
30478,4
1798,3
38536,5
9945,5
24460,5
4855,3
26643,5
25570,5
7521,5
19651,4
19708,5
8546,5
43522,4
10863,4
15367,5
35576,5
8252,5
27582,5
18560,5
25677,5
758,5
40076,5
41219,2
3760,5
40962,5
14985,4
17331,4
2728,2
2865,3
992,4
4223,5
40020,5
9752,5
29008,5
49287,5
47787,5
15698,4
10186,5
7823,5
31074,5
37221,4
31663,5
15639,4
20592,4
42236,3
28538,5
14417,3
33820,5
29428,4
6837,5
12515,4
35900,5
28021,5
45330,5
44900,5
43891,5
32803,5
7768,5
14973,3
16461,5
18661,4
19819,5
33110,4
24980,4
8242,4
42475,3
40844,4
2580,5
5388,4
21177,3
18312,3
40623,4
14215,5
32142,4
10991,5
38992,4
11945,4
4106,3
28343,4
27465,5
9120,2
31289,3
40432,5
22681,3
19977,4
36728,4
32447,4
25023,2
27380,4
1257,3
36592,5
3997,3
28293,5
30402,4
21219,4
25565,4
36240,5
51666,4
14344,5
30049,5
26602,5
4119,5
3646,4
42884,4
27471,4
5023,3
2069,4
22444,5
50480,3
3944,4
6289,5
7750,5
52947,5
29550,4
15943,4
23226,5
20492,3
10430,3
3683,3
2945,5
52570,2
18504,4
16675,5
50896,4
18892,5
11122,3
30110,5
24768,3
28540,5
1181,5
15643,5
21413,5
27848,5
10898,5
46551,5
41847,5
42137,4
50399,4
10448,5
32972,4
6189,5
13730,4
3588,5
43395,5
31264,4
19658,4
7442,3
42550,3
813,5
9628,4
24553,3
48272,5
27748,5
4001,5
4969,5
2720,4
51385,4
19667,4
2156,4
28452,5
40325,5
45054,5
40298,4
39933,2
6033,4
41894,5
27705,5
40360,4
7212,4
3634,5
7675,3
21243,2
32553,4
40656,4
13837,3
32818,4
39771,5
46766,4
22970,3
32804,3
38802,4
53270,4
14390,5
38301,4
1546,2
14078,3
35649,2
2664,4
53068,3
46213,3
37338,4
21264,3
44760,2
12696,5
48431,3
41294,5
30696,5
19339,5
44550,3
42527,4
3589,4
4495,3
46982,4
15610,4
50982,5
51166,5
11379,5
38604,4
18197,4
40945,5
13358,4
25579,3
42797,5
12422,5
19333,4
5513,4
26958,3
13701,4
26860,5
12632,5
29426,4
24572,5
13423,3
26989,5
50195,5
44836,5
154,3
52427,5
20693,2
7697,5
9306,3
6799,3
16166,4
53038,5
5697,5
31936,4
50119,5
47076,5
10927,3
24094,5
14303,3
31328,5
53422,4
13846,4
28349,5
19558,5
48841,5
20499,3
42743,5
14013,5
39049,4
7783,5
4450,5
53263,5
25282,4
20742,4
8816,5
35304,5
27708,4
8443,5
35612,5
22621,4
52884,5
9730,4
22213,5
48633,4
7845,5
4167,5
38079,4
52911,4
16013,5
12757,4
12464,5
13256,3
8625,4
33577,5
8106,3
24012,4
16812,5
29474,3
39007,3
8337,4
31881,2
10709,5
33053,5
5968,5
2816,3
25523,5
5140,5
36514,5
32763,4
30014,3
29243,3
41792,4
45177,4
47479,5
22650,5
17790,5
2665,3
16865,4
43169,3
22533,4
30847,5
34312,3
40939,4
43768,5
25039,5
19173,4
5987,4
19888,4
40989,5
6851,2
13283,3
7065,3
19825,3
38940,4
43176,4
10422,5
35560,5
23050,5
3907,3
16474,5
5275,2
45953,4
12157,3
16770,4
45888,3
26119,3
53387,3
18184,2
4366,3
11370,3
44983,4
32054,4
52845,5
36589,2
31150,4
5526,5
16073,3
53093,4
14990,3
38428,4
53213,4
29295,3
43815,4
21784,3
25445,4
13711,2
42038,2
41113,3
37744,4
14904,4
45723,3
23755,4
1111,3
15388,3
121,4
52086,4
27049,5
44897,4
12077,5
45990,5
43045,4
46511,1
19122,3
12767,4
22341,2
12792,3
27809,3
21330,4
44690,3
44639,4
14098,3
52074,5
41189,5
45700,5
32403,3
16803,5
46481,3
14117,2
28200,5
52455,5
30847,4
40030,3
12550,4
47567,3
32124,5
23585,1
29861,5
22375,5
39263,3
10761,4
28325,4
4158,4
32087,4
2580,3
34832,4
43132,3
23667,4
14929,2
531,4
9744,3
28252,5
12955,3
27963,4
29200,5
40561,4
36021,3
47160,5
682,4
41717,4
35425,3
28833,4
38233,3
6545,5
38040,3
17485,4
6736,4
49878,4
3394,4
52710,4
42476,5
28684,4
48468,4
7597,3
14021,3
50020,4
27187,3
48765,3
52659,4
3987,5
18910,4
32624,5
27742,5
35257,3
20802,4
39632,3
45798,3
37489,5
41713,4
46850,4
38526,5
5752,5
633,5
30775,5
7480,3
10548,5
49848,5
19275,5
29884,3
19862,5
16332,3
49348,4
22097,1
23752,4
25005,5
15630,5
15178,3
27517,5
11896,2
31411,4
16412,4
18993,3
41780,5
34472,3
29809,3
27299,4
51727,3
47167,4
21168,4
52018,5
27034,5
24766,3
3310,5
31845,3
6436,5
43677,2
24932,3
17678,4
28266,5
39007,3
45361,3
4172,4
44171,1
30932,3
819,5
34388,5
24898,2
21861,4
5169,4
7991,5
17224,4
52049,4
52683,5
49988,3
15989,1
21092,4
23527,5
40885,5
22800,3
42265,5
34799,3
2404,4
52429,3
21729,5
37326,5
24721,3
6498,2
31596,5
10002,5
15937,3
42368,2
2933,5
53237,5
52812,4
5508,4
10917,5
36898,5
27310,2
11051,5
42782,5
37973,3
114,5
46345,5
10973,2
37262,5
4473,5
33757,5
43327,4
19897,5
50547,5
40935,4
9767,4
11089,2
242,5
24175,4
30012,4
38451,5
28193,3
41270,3
3288,4
19654,3
15323,5
30359,5
2010,2
51108,5
31781,5
12439,2
4737,5
23635,5
5079,3
30547,5
5538,5
636,5
19983,3
28692,4
657,5
2696,5
14929,4
42728,3
27834,4
50678,5
27235,3
16789,3
48022,4
2383,3
18188,5
7613,3
52383,2
29691,4
25553,5
18401,5
27210,5
3879,3
43380,5
816,3
14576,4
19219,5
23115,3
46121,4
8176,4
10584,5
32423,5
34189,4
52594,5
29808,3
32659,4
18834,4
34756,5
36593,5
40782,5
1908,5
2633,5
26265,2
22168,5
51609,4
48305,5
22386,4
50593,3
726,3
8400,3
3656,1
25961,4
11540,4
18349,3
10208,5
25736,4
32832,4
45326,1
18863,3
479,4
34106,3
33332,3
47450,5
38236,4
28844,2
42535,4
23747,3
10453,3
4254,2
37548,5
4595,3
8572,4
38436,5
32306,1
51291,4
43509,4
14142,4
18095,1
6505,5
46631,4
16425,3
18743,4
32819,4
3266,4
26132,1
31472,3
47036,3
25441,3
26424,3
18081,3
17962,5
13209,4
17913,3
31709,4
18932,2
41311,4
48875,4
28855,5
13546,4
31871,2
10765,5
24782,3
35572,4
46423,4
39807,5
37627,4
53047,5
1693,1
11699,5
31411,5
51796,3
49328,5
50880,4
27354,2
36416,5
25980,4
37166,4
40976,4
98,4
18492,5
18860,5
32728,5
3746,5
30321,4
27444,4
25763,5
21639,3
37040,4
15863,5
51372,3
15385,4
17344,3
9293,2
31586,4
6759,2
24962,4
46650,4
21670,3
46759,3
52109,5
27334,4
23015,4
10777,4
41589,3
46189,3
40208,5
30692,5
17042,4
22522,2
29973,4
15733,5
30285,4
10221,1
31129,4
4951,4
22763,3
17814,3
42363,4
47241,5
25876,4
39230,5
19984,5
30160,4
23316,5
49231,4
36768,4
47200,3
20486,3
19912,2
42128,4
38687,4
45095,4
52726,3
27898,3
43132,4
19414,5
36695,4
31065,4
31521,5
2227,3
26570,5
11661,5
35948,4
14976,5
43532,4
37759,5
48106,5
20870,2
42505,5
4295,4
19069,2
16537,4
41407,5
10735,5
21745,5
49724,4
7629,4
20769,5
5468,5
24106,5
1063,4
40827,5
34757,4
8160,3
27970,5
1640,3
4874,4
26857,3
21252,5
34136,3
30174,4
20683,3
45418,5
30917,3
36031,4
24177,5
12876,5
46798,2
11433,4
53188,2
24759,4
20510,5
14524,2
33225,4
31788,4
51834,5
24187,5
851,4
12326,5
4754,5
40980,4
35635,4
5621,4
2665,5
32489,3
4780,5
11642,5
16096,5
9673,5
25453,3
30193,4
8411,4
21770,4
18841,5
40172,4
17289,4
3124,4
12900,3
2886,3
3756,3
31704,5
32210,5
47279,5
15282,4
50262,4
12365,2
24076,5
40403,4
35072,2
23090,2
48172,1
10965,3
29684,5
19277,3
51989,4
48902,3
9043,3
40687,3
46858,4
35008,5
49862,4
34781,4
30731,1
38294,5
15560,3
16822,1
46541,4
21078,4
38793,5
26674,2
7605,1
26140,2
15668,3
6508,2
23387,4
50593,2
14977,5
44599,4
24782,4
39255,4
45063,5
2721,2
45696,5
49773,2
24997,4
42571,5
3266,4
28006,2
733,3
